tree
version=v4
num_class=1
num_tree_per_iteration=1
label_index=0
max_feature_idx=22
objective=binary sigmoid:1
feature_names=age job marital education default balance housing loan contact day month duration campaign pdays previous poutcome was_contacted_previously has_negative_balance balance_log_shifted duration_log campaign_log previous_log season
feature_infos=[18:95] -1:1:4:9:0:7:5:6:2:10:3:8 -1:1:2:0 -1:1:2:0:3 -1:0:1 [-8019:98417] -1:1:0 -1:0:1 -1:0:2:1 [1:31] -1:8:5:1:6:9:0:3:4:10:11:7 [0:3881] [1:63] [-1:871] [0:275] -1:3:0:1:2 [0:1] [0:1] [0:11.575308539801526] [0:8.2641057637289563] [0.69314718055994529:4.1588830833596715] [0:5.6204008657171496] -1:2:1:0:3
tree_sizes=3201 3221 3259 3241 3216 3236 3266 3268 3249 3267 3268 3264 3252 3294 3277 3304 3298 3276 3279 3299 3301 3338 3318 3315 3266 3312 3315 3337 3293 3335 3299 3324 3376 3345 3347 3357 3275 3369 3348 3323 3298 3346 3356 3368 3337 3358 3367 3315 3354 3364 3357 3360 3332

Tree=0
num_leaves=31
num_cat=14
split_feature=11 11 8 10 15 6 10 11 10 13 6 11 8 10 11 8 0 15 10 10 9 11 9 11 12 0 6 13 0 9
split_gain=27888.4 6954.65 7761.57 6290.12 3728.13 3172.75 1600.93 1569.17 1538.93 1864.31 802.392 768.475 753.793 847.773 677.792 600.414 578.297 508.339 494.518 471.097 461.4 436.482 419.215 431.272 347.054 339.634 329.319 457.739 333.725 254.056
threshold=205.50000000000003 470.50000000000006 0 1 2 3 4 77.500000000000014 5 28.500000000000004 6 127.50000000000001 7 8 660.50000000000011 9 60.500000000000007 10 11 12 7.5000000000000009 339.50000000000006 3.5000000000000004 314.50000000000006 3.5000000000000004 25.500000000000004 13 36.500000000000007 25.500000000000004 21.500000000000004
decision_type=2 2 1 9 1 1 9 2 9 2 1 2 1 9 2 1 2 1 9 9 2 2 2 2 2 2 1 2 2 2
left_child=3 2 19 4 -1 6 17 -5 9 16 18 -6 -13 -14 15 -3 22 -4 -9 -2 -12 -19 -7 25 -8 -24 -15 28 -28 -20
right_child=1 14 5 7 11 8 24 10 -10 -11 20 12 13 26 -16 -17 -18 21 29 -21 -22 -23 23 -25 -26 -27 27 -29 -30 -31
leaf_value=-1.4000971938869327 -2.0788473037338679 -1.6131219081200299 -1.4644447116346657 -2.0109307029487047 -2.0969986316324847 -1.2220999161612236 -1.2976461031262354 -1.4745192012816011 -1.2990630183468466 -1.278553051388962 -1.652819369425558 -2.1130969001163042 -1.505545365355673 -2.029396368308277 -1.269274659005136 -1.3568356866110203 -1.2986549669152958 -1.9275106731201432 -1.9238979950210098 -1.5986936893047345 -1.3636649343444134 -1.7125185525591677 -1.3167573330289106 -1.6540738740155001 -1.8710053832284255 -1.9436955560522238 -1.3823239112026413 -1.5342468512094469 -1.9466394303851724 -1.4344820865738028
leaf_weight=86.270560383796692 308.52778971195221 110.5196145772934 33.481804847717285 82.299362540245056 991.77795004844666 14.069066882133482 115.5514794588089 47.908602356910706 620.74756515026093 143.84620666503906 74.038865327835083 228.09293615818024 41.159765243530273 217.43690609931946 998.68244349956512 528.71089136600494 30.730628848075867 256.46978163719177 98.594843983650208 11.940089702606199 216.70400536060333 149.46619689464569 9.2397198677062971 135.83280396461487 11.618552923202513 133.34054052829742 11.055510163307188 36.584449052810669 201.17691171169281 11.885108590126036
leaf_count=233 2845 571 82 709 9284 25 281 143 1455 326 408 2167 130 1908 2183 1557 75 2024 775 24 651 901 24 750 86 1071 35 164 1621 43
internal_value=-1.6474 -1.47309 -1.59945 -1.91595 -2.0058 -1.51219 -1.70408 -1.61702 -1.41225 -1.58722 -1.53595 -2.03942 -1.9621 -1.89423 -1.32074 -1.40115 -1.71132 -1.81121 -1.71705 -2.04988 -1.4373 -1.85239 -1.75468 -1.78159 -1.3986 -1.90307 -1.94111 -1.86093 -1.91724 -1.88328
internal_weight=5957.76 3612.78 1974.86 2344.99 1813.55 1654.39 566.588 531.431 1087.81 467.059 449.131 1727.28 735.506 507.414 1637.91 639.231 323.213 439.418 158.389 320.468 290.743 405.936 292.482 278.413 127.17 142.58 466.254 248.817 212.232 110.48
internal_count=32551 14280 9969 18271 15542 7100 3374 2729 3726 2271 2020 15309 6025 3858 4311 2128 1945 3007 961 2869 1059 2925 1870 1845 367 1095 3728 1820 1656 818
cat_boundaries=0 1 2 3 4 5 6 7 8 9 10 11 12 13 14
cat_threshold=4 882 4 2 825 562 2 4 64 4 4 3200 352 2
is_linear=0
shrinkage=1


Tree=1
num_leaves=31
num_cat=15
split_feature=11 10 11 8 15 10 15 11 6 11 5 22 8 10 9 7 10 13 8 11 6 9 9 0 13 9 10 1 12 9
split_gain=10240 3022.54 1974.81 3418.71 1458.62 1339.83 1250.14 648.567 622.89 442.724 404.337 391.564 342.572 352.615 310.586 254.047 225.296 208.126 204.024 322.835 149.266 188.249 329.198 146.078 141.276 210.547 201.502 140.541 138.661 135.286
threshold=184.50000000000003 0 408.50000000000006 1 2 3 4 60.500000000000007 5 127.50000000000001 105.50000000000001 6 7 8 7.5000000000000009 9 10 406.00000000000006 11 493.50000000000006 12 20.500000000000004 15.500000000000002 60.500000000000007 57.500000000000007 3.5000000000000004 13 14 1.5000000000000002 17.500000000000004
decision_type=2 9 2 1 1 9 1 2 1 2 2 1 1 9 2 1 9 2 1 2 1 2 2 2 2 2 9 9 2 2
left_child=1 4 3 11 -1 6 -5 -3 17 -6 27 -2 -11 29 16 28 -9 -8 19 -4 21 22 -7 24 25 -15 -26 -10 -12 -14
right_child=2 7 18 5 9 20 8 14 10 12 15 -13 13 23 -16 -17 -18 -19 -20 -21 -22 -23 -24 -25 26 -27 -28 -29 -30 -31
leaf_value=0.34144545296117101 -0.080388256289401328 -0.084420646741948588 0.097484820571565711 0.42588135735535987 -0.077623587451835063 0.37790813556048763 0.065332477270527614 0.025971414546363442 -0.0586740436709614 -0.089160472487427034 0.34918793749351834 0.32292525910283865 0.41632614410932095 0.62761945957427367 0.32832592521323117 0.045776316855502548 0.28613834487948514 0.48174069008157772 0.38381956064177841 0.34329416016221342 0.4192569711554171 0.48578518901917267 0.088869274602408371 0.41227280880703737 0.33105428779905199 -0.023635003413754296 0.00010514030881272757 0.14554943270005824 0.24484675950755316 0.13850163968568205
leaf_weight=100.62798783183098 305.69591940939426 51.854784309864044 60.021825522184372 258.67900445312262 931.74654834717512 109.34961982816458 389.03896410763264 82.3077532351017 47.983456790447235 163.79042275249958 233.40839879214764 16.430652290582657 43.243490189313889 5.0620364248752585 420.74042244255543 45.523768283426762 59.628000669181347 12.38505859673023 2470.0131125301123 486.49741895496845 690.1922949552536 55.454904243350029 61.60338044911623 9.9544058144092542 22.691963225603104 256.80461926758289 52.104538202285767 87.373667731881142 280.32822655886412 29.472903937101364
leaf_count=198 3022 485 433 284 9284 268 2729 573 371 1670 615 26 92 14 1188 290 212 16 4019 1035 863 81 380 41 60 2178 419 420 1097 188
internal_value=0.244518 0.0632518 0.316573 0.252585 -0.00924611 0.295823 0.226276 0.24992 0.175743 -0.0346278 0.234655 -0.0522873 0.0334792 0.0813818 0.285174 0.272189 0.157259 0.0781798 0.371586 0.316298 0.391869 0.325686 0.273752 0.0337637 0.0235749 -0.0110459 0.144784 0.0795714 0.292253 0.267002
internal_weight=7840.01 2230.03 5609.98 2593.45 1615.5 2271.32 1354.72 614.531 1096.04 1514.87 694.618 322.127 583.124 419.334 562.676 559.26 141.936 401.424 3016.53 546.519 916.6 226.408 170.953 346.618 336.663 261.867 74.7965 135.357 513.737 72.7164
internal_count=32551 16602 15949 10462 14144 7414 5822 2458 5538 13946 2793 3048 4662 2992 1973 2002 785 2745 5487 1468 1592 729 648 2712 2671 2192 479 791 1712 280
cat_boundaries=0 1 2 3 4 5 6 7 8 9 10 11 12 13 14 15
cat_threshold=882 4 4 826 4 2 6 4 80 1 8 4 2 34 590
is_linear=0
shrinkage=0.1


Tree=2
num_leaves=31
num_cat=12
split_feature=11 11 8 10 10 13 10 15 0 9 11 13 10 5 12 11 8 9 13 6 6 10 9 14 9 10 0 11 13 6
split_gain=6087.6 1454.01 2610.3 1355.91 1048.85 999.258 428.997 411.012 371.988 314.982 312.302 265.539 283.025 264.309 234.746 230.036 245.558 188.258 145.549 138.797 131.041 221.931 208.029 132.742 129.027 127.682 126.835 155.546 118.814 116.29
threshold=143.50000000000003 364.50000000000006 0 1 2 1.0000000180025095e-35 3 4 60.500000000000007 4.5000000000000009 60.500000000000007 223.50000000000003 5 105.50000000000001 1.5000000000000002 607.50000000000011 6 23.500000000000004 102.50000000000001 7 8 9 21.500000000000004 3.5000000000000004 7.5000000000000009 10 28.500000000000004 114.50000000000001 349.50000000000006 11
decision_type=2 2 1 9 9 2 9 1 2 2 2 2 9 2 2 2 1 2 2 1 1 9 2 2 2 9 2 2 2 1
left_child=3 2 6 7 5 8 -2 18 9 -4 -5 -7 17 -11 -15 16 -3 -13 -1 -18 21 22 23 28 -12 29 27 -9 -6 -26
right_child=1 15 4 10 20 11 -8 26 -10 13 24 12 -14 14 -16 -17 19 -19 -20 -21 -22 -23 -24 -25 25 -27 -28 -29 -30 -31
leaf_value=0.28643944003693961 -0.097863095110215514 0.14154773267962706 0.28836966745376402 -0.081385035646447348 0.015043399901846456 0.28884473519671372 0.25442760005046516 -0.06431308605891066 0.3311526049821325 -0.052675027903083295 0.088549126456857308 -0.057468840500526142 0.25546050372210266 0.16070892231952472 0.02724943791298548 0.29009392273181439 0.21567823742220404 0.4658364899339133 0.039686473746346623 0.27796865719058655 0.2908014737859323 0.3022528966407782 0.38497429025484758 0.26667421973679373 -0.020060234626867714 0.26444908904513775 -0.07867438618203576 0.21632826332301477 0.53573863261313948 0.19597007633468341
leaf_weight=44.939083255827427 350.98897720873356 213.67595960944891 57.434436067938805 48.581057235598564 118.17917071282864 435.98394589871168 29.063923440873623 47.883586436510086 55.151063397526741 201.06113279610872 100.49030465632677 73.858192287385464 81.874631524085999 221.84150302410126 324.69646024703979 2280.5544689446688 554.72404582798481 7.5800662636756888 51.071413286030293 1007.2280925363302 1117.4452337473631 174.17269997298717 26.364881202578545 30.757305219769478 44.410544604063034 205.08652700483799 928.73094962537289 33.613021686673164 4.5510244369506827 56.771943747997284
leaf_count=108 3803 1093 146 485 782 808 98 503 91 1624 558 569 152 1164 2187 2648 1360 9 348 1521 1458 201 43 107 272 399 9678 195 4 137
internal_value=0.190927 0.228943 0.179771 0.0115796 0.211744 0.147959 -0.0668027 -0.0483555 0.0799068 0.0626945 0.154852 0.248105 0.139345 0.0453569 0.0814211 0.269081 0.242092 -0.00780279 0.140544 0.255846 0.272155 0.220986 0.118871 0.0809066 0.186873 0.219135 -0.0675099 0.0514366 0.0343516 0.0920533
internal_weight=8928.77 7367.19 3311 1561.58 2930.95 1459.48 380.053 1106.24 860.185 805.034 455.34 599.297 163.313 747.599 546.538 4056.18 1775.63 81.4383 96.0105 1561.95 1471.47 354.025 179.852 153.488 406.759 306.269 1010.23 81.4966 122.73 101.182
internal_count=32551 19868 13246 12683 9345 6750 3901 10832 5212 5121 1851 1538 730 4975 3351 6622 3974 578 456 2881 2595 1137 936 893 1366 808 10376 698 786 409
cat_boundaries=0 1 2 3 4 5 6 7 8 9 10 11 12
cat_threshold=4 882 818 320 6 256 4 2 2 9 1 2
is_linear=0
shrinkage=0.1


Tree=3
num_leaves=31
num_cat=14
split_feature=11 10 11 8 15 10 10 7 15 6 11 9 5 6 10 9 2 1 5 0 6 11 13 13 0 13 13 10 11 13
split_gain=4060.2 1045.63 901.644 1953.21 802.781 824.439 409.412 355.519 330.655 304.165 222.692 151.552 140.384 127.652 186.009 192.104 124.993 122.417 125 110.032 123.652 109.812 100.661 94.3162 94.1658 92.0079 93.6755 89.9294 91.7291 89.0702
threshold=143.50000000000003 0 455.50000000000006 1 2 3 4 5 6 7 60.500000000000007 28.500000000000004 1219.5000000000002 8 9 21.500000000000004 10 11 66.500000000000014 28.500000000000004 12 827.50000000000011 8.5000000000000018 201.50000000000003 70.500000000000014 102.50000000000001 374.50000000000006 13 247.50000000000003 96.500000000000014
decision_type=2 9 2 1 1 9 9 1 1 1 2 2 2 1 9 2 1 9 2 2 1 2 2 2 2 2 2 9 2 2
left_child=1 8 3 6 -5 7 -2 9 25 12 -3 17 16 14 15 -7 -6 18 -11 20 -10 22 -4 -12 -21 -1 -27 -18 -29 -13
right_child=2 10 21 4 5 13 -8 -9 19 11 23 29 -14 -15 -16 -17 27 -19 -20 24 -22 -23 -24 -25 -26 26 -28 28 -30 -31
leaf_value=0.22294264537033623 -0.072277973583732932 -0.078373873328536348 0.19723525608463419 0.26642916815122647 0.11326601467362843 0.014401657764601445 0.26932872210484704 -0.0044648276203436716 -0.076691730890046106 -0.025674842821832855 0.16952545912491396 -0.060908925767504077 0.14015773376808602 0.2373843992243265 0.23570298767805897 0.2918641941707445 0.12007611297978947 0.19776993420248967 0.13802913504620504 -0.078010946265113346 0.16552737497266673 0.24555884291948837 0.24531267070463647 0.01878148982401601 0.37979503819857935 -0.020672534634912948 0.35724937087657893 -0.10092493089759108 0.028231189610842828 0.20573130480453911
leaf_weight=51.534981995820999 404.80533760786057 45.560789704322815 1651.825680822134 850.28757689148188 131.35845546424389 120.73361604660749 28.723403722047806 235.44692511856556 42.298687160015106 53.900523766875267 397.41065233200788 47.486402824521065 182.76522891968489 937.14003339409828 161.58828237652779 31.454203590750694 36.941604919731617 616.14572685211897 346.43384109437466 867.81890915334225 42.005628511309624 1405.54499527812 591.41168972849846 46.345937266945839 4.5163178890943518 44.714301273226738 7.686185084283351 105.01157720386982 115.43817212432623 17.017602950334549
leaf_count=108 4431 485 2674 675 723 694 37 1498 435 362 1120 306 905 990 179 42 139 1507 1167 9662 263 1276 623 246 16 334 14 921 692 27
internal_value=0.158379 0.0101341 0.186846 0.156488 0.178396 0.153211 -0.0450996 0.109917 -0.0457363 0.126879 0.129519 0.158074 0.0678751 0.217164 0.163693 0.0673239 0.0338925 0.167506 0.113162 -0.0644242 0.0439968 0.223643 0.20991 0.153782 -0.0756408 0.116828 0.0347616 -0.00661547 -0.0318479 0.00943675
internal_weight=9621.35 1549.89 8071.46 4422.68 3989.15 3138.86 433.529 1887.95 1060.58 1652.5 489.317 1080.98 571.515 1250.92 313.776 152.188 388.75 1016.48 400.334 956.64 84.3043 3648.78 2243.24 443.757 872.335 103.935 52.4005 257.391 220.45 64.504
internal_count=32551 12683 19868 15295 10827 10152 4468 8247 10832 6749 1851 3369 3380 1905 915 736 2475 3036 1529 10376 698 4573 3297 1366 9678 456 348 1752 1613 333
cat_boundaries=0 1 2 3 4 5 6 7 8 9 10 11 12 13 14
cat_threshold=882 4 4 826 354 1 6 2 2 1 4 1738 2 2
is_linear=0
shrinkage=0.1


Tree=4
num_leaves=31
num_cat=16
split_feature=11 11 8 10 15 10 22 5 15 11 8 6 11 10 12 7 6 10 1 0 13 8 11 0 5 9 9 8 9 10
split_gain=2941 787.736 1198.47 648.991 604.532 606.201 301.708 238.716 196.937 179.868 299.878 166.094 143.122 142.124 141.511 128.88 102.018 99.9475 148.049 97.3567 97.1695 91.3629 90.0093 83.4228 81.9178 80.2356 78.2316 164.243 69.7207 67.6182
threshold=129.50000000000003 308.50000000000006 0 1 2 3 4 66.500000000000014 5 632.50000000000011 6 7 60.500000000000007 8 3.5000000000000004 9 10 11 12 59.500000000000007 100.50000000000001 13 394.50000000000006 61.500000000000007 1219.5000000000002 17.500000000000004 4.5000000000000009 14 26.500000000000004 15
decision_type=2 2 1 9 1 9 1 2 1 2 1 1 2 9 2 1 1 9 9 2 2 1 2 2 2 2 2 1 2 9
left_child=3 2 6 8 -4 7 -2 23 20 10 13 19 28 22 -13 16 -12 18 25 24 -1 -22 -3 -6 -9 -7 27 -10 -5 -17
right_child=1 9 4 12 5 17 -8 11 26 -11 15 14 -14 -15 -16 29 -18 -19 -20 -21 21 -23 -24 -25 -26 -27 -28 -29 -30 -31
leaf_value=0.19880376615923234 -0.091718968893256314 -0.11065714401083321 0.22511655971985076 -0.11048620599422164 -0.048058652384455558 -0.022406910234555696 0.21089434025869955 -0.023068251704659249 0.27413645711904783 0.19967843266149488 0.15126316676088208 0.13699602786156648 0.11776697229636349 0.14714356633176523 0.0047630040735655516 0.02496094769512102 0.19540661695847972 0.19567522311009605 0.1559960027217262 0.31171602453882991 0.33376052198360051 -0.07768237232004728 0.050765995625129769 0.25751811971629485 0.07517974795277757 0.13475982720169902 -0.080235527445421062 -0.10988015122314652 0.38880506925037639 0.14438141146666583
leaf_weight=43.045531243085861 302.37698063254356 45.526058815419674 641.66280927509069 39.772507779300213 204.5217669159174 94.234812863171101 27.842438951134682 197.91715512424707 19.515127219259739 2508.4084372371435 771.22909501194954 488.76766783744097 371.76157904416323 130.09657888114452 96.989488378167152 94.239919349551201 1630.0824948176742 632.06764899194241 403.19175914674997 11.752677530050276 6.364176444709301 35.512161329388618 143.17922909557819 9.3420374244451505 148.5721074193716 49.568106636404991 729.40770381689072 25.943832315504551 3.008290320634841 138.06111448258162
leaf_count=82 3739 529 492 463 1664 491 33 1494 165 2415 1730 1723 1124 554 562 327 2039 703 919 24 13 300 629 13 849 121 8703 318 22 311
internal_value=0.136032 0.156659 0.118156 -0.0059213 0.138195 0.112882 -0.0625952 0.0601658 -0.0553034 0.179989 0.16326 0.0822974 0.0955301 0.0716594 0.115101 0.174349 0.181229 0.16371 0.123923 0.0286608 0.0834692 -0.0151531 0.0112269 -0.0347104 0.0190598 0.0297022 -0.071382 0.0549748 -0.0753767 0.103225
internal_weight=10044 8769.63 3308.81 1274.33 2978.59 2336.93 330.219 1157.86 859.789 5460.82 2952.41 943.999 414.542 318.802 585.757 2633.61 2401.31 1179.06 546.995 358.242 84.9219 41.8763 188.705 213.864 346.489 143.803 774.867 45.459 42.7808 232.301
internal_count=32551 21361 12827 11190 9055 8563 3772 6329 9581 8534 6119 4652 1609 1712 2285 4407 3769 2234 1531 2367 395 313 1158 1677 2343 612 9186 483 485 638
cat_boundaries=0 1 2 3 4 5 6 7 8 9 10 11 12 13 14 15 16
cat_threshold=4 882 4 818 6 6 4 2 288 1 2 9 1166 4 1 56
is_linear=0
shrinkage=0.1


Tree=5
num_leaves=31
num_cat=15
split_feature=11 11 8 15 10 10 10 5 6 12 15 11 13 10 9 0 9 9 10 1 6 11 6 11 12 13 5 10 1 6
split_gain=2258.73 679.904 1248.01 566.05 626.153 378.826 358.939 250.337 185.251 127.858 119.406 116.535 127.458 111.694 177.78 111.11 108.394 97.99 103.802 94.2891 84.3384 95.0325 83.3127 82.3951 77.7195 76.549 90.7209 73.0909 65.2686 64.103
threshold=114.50000000000001 364.50000000000006 0 1 2 3 4 126.50000000000001 5 1.5000000000000002 6 808.50000000000011 8.5000000000000018 7 7.5000000000000009 28.500000000000004 3.5000000000000004 9.5000000000000018 8 9 10 519.50000000000011 11 247.50000000000003 1.5000000000000002 28.500000000000004 395.50000000000006 12 13 14
decision_type=2 2 1 1 9 9 9 2 1 2 1 2 2 9 2 2 2 2 9 9 1 2 1 2 2 2 2 9 9 1
left_child=6 2 5 -4 7 -2 17 16 23 -10 -8 12 20 14 29 -11 -5 27 28 -18 21 24 -16 -9 -3 26 -17 -1 -19 -6
right_child=1 11 3 4 13 -7 10 8 9 15 -12 -13 -14 -15 22 25 19 18 -20 -21 -22 -23 -24 -25 -26 -27 -28 -29 -30 -31
leaf_value=0.10325496778520166 -0.093930033280174421 0.1204839138271451 0.19591046203351284 0.35583118250242907 -0.041519433277261042 0.20754973319731695 0.055468183813993925 -0.010693156992987998 0.15206434156799656 0.21273092928961201 -0.078562345144392656 0.18213190338928475 0.18037171774489136 0.17557349558336799 0.087224875800638757 -0.076067822739367408 0.06515600872834007 0.071802663261948507 0.15524601971730129 -0.054917676853636667 0.15379180247637861 0.13778304370036823 0.17449383936530305 0.07873408511622175 0.028354965135608978 0.14120608361680728 0.057866981947568431 -0.059820320502163273 -0.09575910590563208 0.075017064088716945
leaf_weight=29.933419227600098 362.18109737336636 184.45025233179331 850.2265418022871 7.558621108531951 65.821052618324757 37.975771963596344 70.222913354635239 256.90838502347469 347.74692390859127 48.299203939735889 611.53218687325716 1607.1565995514393 947.05141508579254 820.43941809237003 158.44991440325975 64.775156557559967 77.844471298158169 45.673689402639866 129.26783152669668 261.27716506272554 1325.8003885596991 689.19656452536583 353.335802257061 172.01296605169773 181.83526974916458 75.706718191504478 230.66402205079794 78.960396572947502 29.919874653220177 166.85766626894474
leaf_count=93 4786 558 646 8 425 45 353 1931 894 102 7811 1354 1002 881 679 450 430 170 265 2211 1900 1041 386 828 767 146 1152 577 219 441
internal_value=0.119268 0.134602 0.105819 0.122834 0.101883 -0.0624796 -0.0238892 0.0557555 0.0778033 0.107229 -0.0641545 0.160019 0.149341 0.146716 0.113007 0.0700581 -0.0187052 0.0636199 0.106392 -0.0270532 0.137 0.115908 0.147475 0.0251704 0.0747483 0.0514913 0.0285017 -0.0110044 0.00204253 0.0420508
internal_weight=10289.1 9293.57 4358.08 3957.92 3107.7 400.157 995.51 1542.79 1196.11 767.192 681.755 4935.49 3328.33 1564.9 744.464 419.445 346.68 313.755 204.861 339.122 2381.28 1055.48 511.786 428.921 366.286 371.146 295.439 108.894 75.5936 232.679
internal_count=32551 23063 16441 11610 10964 4831 9488 8152 5503 2744 8164 6622 5268 2812 1931 1850 2649 1324 654 2641 4266 2366 1065 2759 1325 1748 1602 670 389 866
cat_boundaries=0 1 2 3 4 5 6 7 8 9 10 11 12 13 14 15
cat_threshold=4 4 818 352 3209 2 6 9 1 289 2 2 129 337 2
is_linear=0
shrinkage=0.1


Tree=6
num_leaves=31
num_cat=15
split_feature=11 15 11 8 10 10 10 7 1 0 0 11 13 12 6 10 9 5 11 9 10 10 11 11 13 2 10 9 10 22
split_gain=1754.37 542.642 793.151 771.321 539.091 363.505 304.112 257.308 211.161 165.305 167.065 150.735 140.947 121.587 115.603 167.13 163.115 101.558 120.516 96.7666 193.162 84.0709 77.881 76.2637 75.6089 71.576 65.5283 113.15 62.6394 61.5064
threshold=114.50000000000001 0 519.50000000000011 1 2 3 4 5 6 25.500000000000004 59.500000000000007 379.50000000000006 8.5000000000000018 1.5000000000000002 7 8 21.500000000000004 1219.5000000000002 335.50000000000006 14.500000000000002 9 10 60.500000000000007 401.50000000000006 103.50000000000001 11 12 24.500000000000004 13 14
decision_type=2 1 2 1 9 9 9 1 9 2 2 2 2 2 1 9 2 2 2 2 9 9 2 2 2 1 9 2 9 1
left_child=6 -2 3 5 7 11 19 8 23 -10 12 -3 13 28 15 16 -6 18 25 20 -1 -14 -8 -5 -23 -15 27 -9 -11 -22
right_child=1 2 -4 4 14 -7 22 26 9 10 -12 -13 21 17 -16 -17 -18 -19 -20 -21 29 24 -24 -25 -26 -27 -28 -29 -30 -31
leaf_value=0.23962101542929301 0.17975996181112089 -0.093182119954125675 0.14771761895017751 -0.00020488066066233287 -0.01198491474488418 0.20470943946136191 -0.072742600058922219 0.013958779256651066 0.21302577757517357 0.02519926722165651 0.16948457563475361 0.030771480555298804 0.199833229343371 0.029725577295781003 0.15916047193970795 0.15918060207614482 0.19219464381318752 0.081900184399222628 0.068133286694505926 -0.09446076753051566 0.0019598353508895206 0.19279398883905921 0.076117157242721029 0.088090874703262767 0.063723924778408034 -0.083912476817390863 -0.054975828508681317 0.38995571641989896 0.11909395431424996 -0.09997534305351985
leaf_weight=17.141433961689472 1324.7955004423857 346.53457199782133 3230.1772006303072 379.67859189212322 173.66604764759541 49.826357111334801 40.126648895442486 138.41386386752129 114.88394328206778 115.55107305198908 224.78038488328457 136.84851545840502 120.00344797968864 85.025200396776199 1226.0653470531106 220.25366842001677 50.505051016807556 238.88264541327953 156.12698642909527 384.1493916362524 141.73160714656115 56.863477244973183 283.15786196291447 131.77299632132053 224.85780196636915 159.22079714387655 172.61720205098391 8.4947973266243917 334.01988159120083 96.394805900752544
leaf_count=48 954 4894 3468 2188 839 51 485 749 176 526 319 727 144 506 1229 227 58 891 409 5166 1640 94 862 270 868 1276 1168 13 1019 1287
internal_value=0.106262 0.119403 0.109169 0.0837974 0.0977675 -0.0296933 -0.0223212 0.0689128 0.080658 0.0963714 0.0891203 -0.0569128 0.0770011 0.0583227 0.142469 0.0996284 0.0325635 0.030299 -0.000488903 -0.0617829 -0.0150267 0.127627 0.055911 0.0221118 0.0866984 -0.0443536 -0.0150061 0.0334251 0.0981702 -0.0416702
internal_weight=10382.6 9419.87 8095.07 4864.89 4331.68 533.209 962.702 2661.19 2341.67 1830.22 1715.33 483.383 1490.55 1088.83 1670.49 444.425 224.171 639.256 400.373 639.417 255.268 401.725 323.285 511.452 281.721 244.246 319.526 146.909 449.571 238.126
internal_count=32551 23063 22109 18641 12969 5672 9488 10616 8686 6228 6052 5621 5733 4627 2353 1124 897 3082 2191 8141 2975 1106 1347 2458 962 1782 1930 762 1545 2927
cat_boundaries=0 1 2 3 4 5 6 7 8 9 10 11 12 13 14 15
cat_threshold=4 4 826 352 882 1 78 2 1 512 34 4 776 48 4
is_linear=0
shrinkage=0.1


Tree=7
num_leaves=31
num_cat=14
split_feature=11 10 15 11 10 8 15 9 11 1 0 12 10 11 8 11 6 11 10 9 8 13 11 5 1 9 15 9 6 11
split_gain=1416.18 541.658 348.828 480.857 472.899 321.729 209.345 172.579 128.799 134.368 122.387 119.638 110.79 94.4983 88.8914 137.532 87.7556 83.3832 78.2825 210.893 322.94 88.1835 87.274 77.6027 75.9711 61.8519 60.6618 54.8465 55.1324 50.5464
threshold=157.50000000000003 0 1 590.50000000000011 2 3 4 4.5000000000000009 364.50000000000006 5 29.500000000000004 1.5000000000000002 6 60.500000000000007 7 368.50000000000006 8 394.50000000000006 9 15.500000000000002 10 392.50000000000006 121.50000000000001 199.50000000000003 11 28.500000000000004 12 15.500000000000002 13 92.500000000000014
decision_type=2 9 1 2 9 1 1 2 2 9 2 2 9 2 1 2 1 2 9 2 1 2 2 2 9 2 1 2 1 2
left_child=1 6 -2 4 5 17 -1 -7 9 23 16 -6 24 -3 15 -14 -8 -4 19 20 22 -20 29 27 -13 -10 -15 28 -9 -12
right_child=2 13 3 -5 11 7 10 8 25 -11 18 12 14 26 -16 -17 -18 -19 21 -21 -22 -23 -24 -25 -26 -27 -28 -29 -30 -31
leaf_value=0.10492077551754345 0.16393606699635366 -0.069729390927962834 -0.092670260170306801 0.13759686871594359 0.13404207676252364 0.18864609286545414 -0.044242293360658644 -0.072465322343351332 0.094623871121042896 -0.010169273525834579 0.18562828113861421 0.082566287196775917 -0.090400471279508371 0.10885095124049236 0.14867915521792471 0.13666568807582039 0.12345046695870279 0.013496983034968957 -0.082837259059521329 -0.077443425388853529 -0.050649780091793585 0.36296261843963651 0.1797318446422328 0.093312732395569878 0.0083763462209956122 -0.017503027188364422 0.029571335601595618 -0.10128258108074413 0.15975905857229608 0.55265961393365393
leaf_weight=96.553938984870911 1200.0563917905092 37.797015011310577 175.30153073370457 2709.8127751350403 1305.5302212908864 104.287183560431 56.434509314596653 17.502147980034351 677.25853557884693 433.04855011403561 5.0511939525604275 629.11945582181215 43.302728541195393 511.10173052549362 453.7262726277113 69.466540731489658 69.808746371418238 127.98790515959263 567.88448679074645 188.4467315711081 62.313488684594631 4.4721281677484503 26.326783336699009 322.2987203001976 192.23223479837179 53.050026148557663 151.23688031733036 39.132285907864571 24.582145467400551 14.590311698615549
leaf_count=150 836 485 2596 2691 2253 119 692 153 1274 2567 44 1680 652 1073 413 208 388 555 7485 2343 833 12 53 1091 769 157 528 315 83 53
internal_value=0.0957624 0.0149104 0.112654 0.103949 0.0846379 0.046651 -0.0291639 0.0640838 0.0557932 0.0290051 -0.0430853 0.111896 0.0918707 0.0828783 0.126694 0.0494736 0.0484868 -0.0478678 -0.0568828 -0.0130971 0.0976777 -0.0779914 0.298747 0.0695744 0.0655122 0.0864789 0.0928383 -0.016062 0.0631809 0.45827
internal_weight=10369.7 1792.02 8577.7 7377.64 4667.83 1974.45 1091.88 1671.16 1566.87 836.564 995.328 2693.38 1387.85 700.136 566.496 112.769 126.243 303.289 869.085 296.729 108.282 572.357 45.9683 403.515 821.352 730.309 662.339 81.2166 42.0843 19.6415
internal_count=32551 14139 18412 17576 14885 8910 12053 5759 5640 4209 11903 5975 3722 2086 1273 860 1080 3151 10823 3326 983 7497 150 1642 2449 1431 1601 551 236 97
cat_boundaries=0 1 2 3 4 5 6 7 8 9 10 11 12 13 14
cat_threshold=882 4 816 4 4 816 11 4 2 592 1 1841 12 2
is_linear=0
shrinkage=0.1


Tree=8
num_leaves=31
num_cat=17
split_feature=11 15 11 6 10 10 11 10 7 8 15 8 5 9 9 10 10 18 11 13 9 10 10 2 10 5 9 8 1 0
split_gain=1177.93 390.605 527.578 481.847 327.861 247.586 202.57 198.783 145.014 130.466 117.227 98.5594 92.9445 86.556 75.2775 189.523 75.9519 71.588 66.9547 61.0798 58.7513 104.514 85.8618 67.091 55.8896 52.7877 51.8518 73.6939 49.7419 44.979
threshold=123.50000000000001 0 519.50000000000011 1 2 3 247.50000000000003 4 5 6 7 8 -1.0000000180025095e-35 9.5000000000000018 17.500000000000004 9 10 9.3588465654147122 827.50000000000011 374.50000000000006 9.5000000000000018 11 12 13 14 816.50000000000011 4.5000000000000009 15 16 54.500000000000007
decision_type=2 1 2 1 9 9 2 9 1 1 1 1 2 2 2 9 9 2 2 2 2 9 9 1 9 2 2 1 9 2
left_child=5 -2 3 4 6 10 17 -5 9 24 -1 -8 -11 25 16 28 -14 -3 -4 -13 22 -22 -7 -23 -9 -6 27 -12 -16 -19
right_child=1 2 18 7 13 20 11 8 -10 12 26 19 14 -15 15 -17 -18 29 -20 -21 21 23 -24 -25 -26 -27 -28 -29 -30 -31
leaf_value=0.055565418212536147 0.15056540022698819 -0.065393489578695993 0.10811705642785439 0.13310241716896345 0.0070965587303166633 0.10057654255912413 -0.044285975489887747 -0.057867387261220475 -0.0064537698343356091 -0.10736745571756022 0.1482906053711974 0.044205233531504184 0.085068187335088918 0.13239792113188154 0.057641238403006757 0.14093468510879753 0.14650259180541281 0.012310137036023022 0.13721935387908293 0.25280346840682738 0.13898383142524059 0.17024758410192292 -0.054960018968624361 -0.018829229846772877 0.11002493606363102 0.10111096047350779 -0.076483302892409788 -0.10784204650317218 -0.0081720388333387847 0.24407561921473292
leaf_weight=85.34609617292881 1267.2478910088539 434.12256053462625 1773.2040920853615 894.04673679172993 129.5800043605268 43.491069883108139 138.9707691334188 85.890488319098949 197.39909006282687 23.646811716258526 25.336809739470482 580.51784435659647 764.1996862962842 277.59570679441094 232.75329786166549 212.63971465826035 385.15473648905754 49.077660880982876 1426.5340861082077 14.384907573461531 124.62827180325985 22.390909932553768 95.539546504616737 115.9434332177043 15.677434559911488 110.78331644833088 530.52278399094939 20.180044330656528 219.65806991234422 10.096215173602102
leaf_count=377 927 4394 2241 861 713 107 1399 1037 1123 163 154 2156 1797 732 797 257 431 339 1227 9 196 47 643 505 43 395 8137 303 1004 37
internal_value=0.0867146 0.0981813 0.0895572 0.0686187 0.0267589 -0.0129565 -0.00175915 0.0927194 0.0748516 0.0835121 -0.0501906 0.0315368 0.0896087 0.0925717 0.0921759 0.0653987 0.10767 -0.051329 0.121092 0.0492492 0.0483491 0.0773495 -0.00302458 0.0109811 -0.0268173 0.0504277 -0.0665402 0.0347334 0.0262014 0.0518538
internal_weight=10306.6 9243.18 7975.93 4776.2 1745.13 1063.38 1227.17 3031.07 2137.02 1939.62 661.386 733.874 1838.05 517.959 1814.41 665.051 1149.35 493.296 3199.74 594.903 401.993 262.963 139.031 138.334 101.568 240.363 576.04 45.5169 452.411 59.1739
internal_count=32551 22082 21155 17687 10174 10469 8334 7513 6652 5529 8971 3564 4449 1840 4286 2058 2228 4770 3468 2165 1498 748 750 552 1080 1108 8594 457 1801 376
cat_boundaries=0 1 2 3 4 5 6 7 8 9 10 11 12 13 14 15 16 17
cat_threshold=4 2 817 882 3201 1 4 6 4 562 298 2184 129 1 320 1 813
is_linear=0
shrinkage=0.1


Tree=9
num_leaves=31
num_cat=15
split_feature=11 10 11 15 11 10 8 12 9 10 15 0 13 9 8 10 12 5 11 9 2 9 10 8 6 15 5 11 1 1
split_gain=978.401 466.758 307.492 190.225 263.113 247.313 175.56 166.308 167.089 138.878 121.848 94.5039 103.136 105.538 89.9662 95.851 74.6529 83.9748 87.7325 73.7776 68.587 68.3672 85.2116 87.8538 81.1716 67.7316 63.8599 62.4022 60.2482 52.5822
threshold=207.50000000000003 0 77.500000000000014 1 615.50000000000011 2 3 1.5000000000000002 16.500000000000004 4 5 59.500000000000007 374.50000000000006 28.500000000000004 6 7 1.5000000000000002 1219.5000000000002 326.50000000000006 12.500000000000002 8 20.500000000000004 9 10 11 12 105.50000000000001 383.50000000000006 13 14
decision_type=2 9 2 1 2 9 1 2 2 9 1 2 2 2 1 9 2 2 2 2 1 2 9 1 1 1 2 2 9 9
left_child=1 10 -3 -2 5 6 27 26 14 -10 -1 12 13 16 15 19 -8 18 -18 25 -12 22 24 -24 -7 -9 -4 -5 -20 -11
right_child=3 2 7 4 -6 21 11 8 9 29 20 -13 -14 -15 -16 -17 17 -19 28 -21 -22 -23 23 -25 -26 -27 -28 -29 -30 -31
leaf_value=0.062596400862912668 0.14120753017932475 -0.057208348228623668 0.029131486010231075 -0.082302147167539932 0.1171195645461694 -0.0038915795088658618 0.08228284358835336 0.12495459868864423 0.087078102605275154 0.05299217245386232 -0.011317515960548825 0.1288733520838872 0.18679001235598786 -0.040271273601281153 -0.037058805768051269 0.15826393485422971 -0.029738936394802053 0.080154279803153428 -0.026578804345699467 0.12923004431923388 -0.083616146661747229 0.14218290672557921 0.050213908819548306 0.13351944257427215 0.10905870710182419 -0.0059608120894467037 0.10458375899136195 0.017831399479895826 0.06379761569052439 -0.069149383086062069
leaf_weight=88.28789433836937 955.94322560727596 228.83702344074845 129.64233819395304 101.83702152594924 2467.4452031701803 155.21240928769112 863.36919691413641 40.403871685266495 86.557806059718132 36.016292106360197 194.1475069411099 212.25766396522522 61.168832436203957 109.98167392611504 67.071680042892694 128.48540859296918 223.54200779646635 382.47778920829296 89.896673507988453 91.325158916413784 404.79530243203044 450.34969582781196 164.18809782713652 552.88309220969677 107.8254618793726 185.50851995870471 832.38458659127355 160.04348422586918 365.18708764016628 240.06096433475614
leaf_count=350 690 2883 597 1637 2465 607 2104 40 119 121 2149 251 40 480 642 177 1280 907 281 284 5720 404 941 476 119 998 2239 665 776 2109
internal_value=0.0791539 0.0282432 0.0518523 0.0980374 0.0912972 0.0755975 0.0562665 0.0657169 0.0341791 -0.0177727 -0.0428728 0.0652901 0.05885 0.0550033 0.0709181 0.0871663 0.0604481 0.0426822 0.0215627 0.0517507 -0.0591922 0.109168 0.0951123 0.112871 0.0408562 0.0227203 0.0944158 -0.0211074 0.0467626 -0.0519197
internal_weight=10177.1 2753.52 2066.29 7423.61 6467.67 4000.22 2569.76 1837.46 875.43 362.635 687.231 2307.88 2095.62 2034.45 512.795 445.723 1924.47 1061.1 678.626 317.238 598.943 1430.46 980.109 717.071 263.038 225.912 962.027 261.881 455.084 276.077
internal_count=32551 18428 10209 14123 13433 10968 8421 7326 4490 2349 8219 6119 5868 5828 2141 1499 5348 3244 2337 1322 7869 2547 2143 1417 726 1038 2836 2302 1057 2230
cat_boundaries=0 1 2 3 4 5 6 7 8 9 10 11 12 13 14 15
cat_threshold=288 4 826 4 3208 6 1 3083 4 1 4 2 4 42 288
is_linear=0
shrinkage=0.1


Tree=10
num_leaves=31
num_cat=14
split_feature=11 15 11 8 10 10 10 1 0 0 13 11 11 12 10 5 1 3 5 13 5 6 10 9 1 5 10 9 10 9
split_gain=828.999 347.139 426.531 361.222 279.849 239.232 186.223 162.632 110.047 116.469 121.748 107.88 101.542 92.6506 92.5168 77.8509 72.1849 67.2512 59.5472 57.867 57.1693 56.9033 85.1721 77.6768 56.4946 55.0975 52.0094 47.3424 45.4933 65.6528
threshold=114.50000000000001 0 405.50000000000006 1 2 3 4 5 29.500000000000004 59.500000000000007 18.500000000000004 79.500000000000014 827.50000000000011 1.5000000000000002 6 1219.5000000000002 7 8 1279.5000000000002 392.50000000000006 2026.5000000000002 9 10 21.500000000000004 11 12090.500000000002 12 22.500000000000004 13 7.5000000000000009
decision_type=2 1 2 1 9 9 9 9 2 2 2 2 2 2 9 2 9 1 2 2 2 1 9 2 9 2 9 2 9 2
left_child=6 -2 3 5 7 -3 19 8 -5 10 13 24 16 28 -12 -15 -4 25 -17 -1 -16 22 23 -6 27 -9 -20 -8 29 -10
right_child=1 2 12 4 21 -7 11 17 9 -11 14 -13 -14 15 20 18 -18 -19 26 -21 -22 -23 -24 -25 -26 -27 -28 -29 -30 -31
leaf_value=-0.080867053500824904 0.1317332255907761 -0.080066631279755135 0.05537638180332876 0.11543504359523676 -0.024256868525376854 0.13400993914373735 0.0064121792450926142 -0.07921732721199784 0.16426121304489671 0.11640010240346477 0.15791371579356372 0.054391967918979933 0.11867992934289325 -0.051668156288271087 0.0029668903048091951 0.25143758217654072 0.09548842263519304 0.011603142312223065 -0.022237069065204795 0.24025666329897732 0.11868495680984043 0.10772117324267419 0.10679816382296661 0.13187201908970458 -0.074003410022446439 0.3437156117784918 0.08893372089340762 0.24967089139118925 0.06605420651446077 -0.092728929961921003
leaf_weight=360.75128929316998 1209.6770398765802 301.86947449296713 733.26544463634491 250.62751898169518 143.58237022906542 53.965283896774054 45.411961387842894 134.52605658024549 12.798182912170885 184.80970592796803 102.08662191778421 320.21173553541303 1351.0575392246246 282.0453505218029 136.31604229286313 11.609365649521349 1936.1744635179639 514.36310313642025 115.22831979393959 5.7002641707658759 62.162193015217781 1010.6287706717849 189.1751707047224 40.955125719308853 130.62210381403565 3.1524543389677993 54.373485907912254 9.7113208174705488 273.47348350659013 44.524225447326899
leaf_count=5888 954 4992 1400 639 730 137 461 985 26 284 118 1462 1227 1956 647 25 2689 2755 613 15 153 1101 209 49 1634 6 131 28 918 319
internal_value=0.0724213 0.0812996 0.0733604 0.049991 0.0595767 -0.0460842 -0.0207209 0.0366868 0.054485 0.0429714 0.030574 0.0188509 0.0963413 0.0100556 0.0847809 -0.0188092 0.0850352 -0.00527004 0.0323341 -0.0738564 0.0373284 0.0947082 0.0620517 0.00985916 -0.0414045 -0.0648249 0.0173363 0.0417028 0.0504788 -0.0301005
internal_weight=10024.9 9152.45 7942.77 3922.27 3566.44 355.835 872.409 2182.1 1530.05 1279.43 1094.62 505.957 4020.5 794.052 300.565 463.257 2669.44 652.042 181.211 366.452 198.478 1384.34 373.713 184.537 185.745 137.679 169.602 55.1233 330.796 57.3224
internal_count=32551 23063 22109 16793 11664 5129 9488 9575 5829 5190 4906 3585 5316 3988 918 2725 4089 3746 769 5903 800 2089 988 779 2123 991 744 489 1263 345
cat_boundaries=0 1 2 3 4 5 6 7 8 9 10 11 12 13 14
cat_threshold=4 4 826 320 306 1841 34 138 1 2 1 272 546 32
is_linear=0
shrinkage=0.1


Tree=11
num_leaves=31
num_cat=17
split_feature=11 10 13 15 11 10 8 10 9 15 9 11 0 1 11 3 10 11 8 18 10 1 9 7 12 8 10 6 1 12
split_gain=713.128 282.82 221.172 202.197 250.806 240.15 152.458 122.507 95.9162 90.9352 88.6968 87.3778 77.2373 73.5338 74.9832 69.8993 63.5012 60.2861 59.2473 57.3386 56.7135 56.2443 55.8944 53.0251 52.2122 55.3144 131.001 51.7492 59.2407 55.0862
threshold=184.50000000000003 0 1.0000000180025095e-35 1 632.50000000000011 2 3 4 28.500000000000004 5 18.500000000000004 103.50000000000001 25.500000000000004 6 249.50000000000003 7 8 383.50000000000006 9 9.2090895888214011 10 11 29.500000000000004 12 3.5000000000000004 13 14 15 16 1.5000000000000002
decision_type=2 9 2 1 2 9 1 9 2 1 2 2 2 9 2 1 9 2 1 2 9 9 2 1 2 1 9 1 9 2
left_child=1 2 12 -2 5 6 17 10 13 -3 -4 15 -1 23 -15 -11 22 -5 -13 20 -20 -22 27 -8 25 -14 -27 28 -7 -29
right_child=3 9 7 4 -6 16 8 -9 -10 11 -12 18 24 14 -16 -17 -18 -19 19 -21 21 -23 -24 -25 -26 26 -28 29 -30 -31
leaf_value=0.079731573275972606 0.12506106615601867 0.11833035769881435 -0.085757908400823452 -0.089791309997243329 0.10198329824639832 0.086365842064779819 0.07585185104647621 0.10789827416629137 -0.037093689394337048 -0.050572358597400363 0.13892406443726046 0.22902651197596763 -0.082333472243055927 -0.047278525747935417 0.041052921770848801 0.044490980024553983 0.11531594233269322 0.0053422615580953235 0.092283143268005574 0.092596959959024921 0.063248788511939311 -0.018594750032295285 0.13053458067907017 0.01215260690671433 -0.097982353465163888 0.108918501539071 -0.042939431416163097 0.10767885559480526 0.0084477784718316774 0.05964732047545146
leaf_weight=45.22221152484417 955.25806675851345 165.38582033663988 76.138711970299482 107.75249492749572 2229.4488045275211 148.54266686737537 1075.9273719638586 163.96055325493217 125.45164331793785 159.0328274667263 22.840787593275309 19.57827739790082 189.51280517876148 117.60159254074097 525.67827809602022 132.99464385211468 584.65411880612373 174.46311429142952 106.27345091104507 236.27213227376342 120.24757511168718 228.96992978453636 153.75513159111142 148.74795816093683 204.13416811078787 60.065046049654484 295.75679983571172 409.13975695520639 276.74046246707439 573.43375128135085
leaf_count=274 756 180 861 2026 2319 413 2385 333 553 1311 69 23 3531 743 1473 824 535 691 131 596 351 1084 143 553 3348 122 3564 680 1141 1538
internal_value=0.0665631 0.0167853 -0.0206842 0.0811327 0.0745237 0.0608474 0.0376452 0.0586205 0.0475497 0.0504376 -0.0307981 0.0381896 -0.0471841 0.0532343 0.0245233 -0.00748702 0.0848773 -0.0309806 0.0574781 0.0526229 0.0318876 0.010563 0.07282 0.0675633 -0.0548421 -0.0386935 -0.0154506 0.0670342 0.0378924 0.0796475
internal_weight=9832.98 2226.39 1057.63 7606.6 6651.34 4421.89 2275.62 262.94 1993.41 1168.75 98.9795 1003.37 794.691 1867.96 643.28 292.027 2146.27 282.216 711.341 691.763 455.491 349.218 1561.61 1224.68 749.469 545.335 355.822 1407.86 425.283 982.574
internal_count=32551 16602 12102 15949 15193 12874 8424 1263 5707 4500 930 4320 10839 5154 2216 2135 4450 2717 2185 2162 1566 1435 3915 2938 10565 7217 3686 3772 1554 2218
cat_boundaries=0 1 2 3 4 5 6 7 8 9 10 11 12 13 14 15 16 17
cat_threshold=354 4 824 4 256 4 881 3 67 4 1152 293 1 4 64 2 1144
is_linear=0
shrinkage=0.1


Tree=12
num_leaves=31
num_cat=17
split_feature=11 10 11 15 11 10 15 8 3 9 10 10 1 9 13 9 10 12 8 1 9 2 10 9 10 9 7 9 11 10
split_gain=596.654 274.822 181.07 164.429 199.723 176.044 121.382 104.664 95.9037 106.321 185.597 182.138 100.88 85.6039 82.5509 149.491 72.6324 72.6488 64.7157 59.5912 56.1068 52.3168 49.962 54.2826 49.04 78.3041 48.1475 46.5797 45.2153 43.5503
threshold=207.50000000000003 0 77.500000000000014 1 650.50000000000011 2 3 4 5 16.500000000000004 6 7 8 28.500000000000004 8.5000000000000018 18.500000000000004 9 1.5000000000000002 10 11 27.500000000000004 12 13 29.500000000000004 14 6.5000000000000009 15 26.500000000000004 383.50000000000006 16
decision_type=2 9 2 1 2 9 1 1 1 2 9 9 9 2 2 2 9 2 1 9 2 1 9 2 9 2 1 2 2 9
left_child=1 14 -3 -2 5 7 -4 28 9 11 -11 -8 -10 26 21 29 27 20 24 -19 -18 -1 23 -7 -13 -26 -9 -12 -5 -16
right_child=3 2 6 4 -6 22 8 13 12 10 16 18 -14 -15 15 -17 17 19 -20 -21 -22 -23 -24 -25 25 -27 -28 -29 -30 -31
leaf_value=-0.012532566567009663 0.1190739294725548 -0.05046668152879609 0.1085235153723741 -0.082920804826004002 0.096069897181050717 0.062564239084593756 0.17646859873320844 0.058024422939813795 0.039185447452149941 0.10192410236063139 -0.10589121121327241 0.10872973810506384 -0.091618056513631405 -0.037353010265542434 0.074870905497946436 0.155843697573153 0.1020407263281477 0.054905282944712024 -0.046510972548609822 -0.077290799948180028 -0.03330474718559312 -0.084106179506259149 0.10887856914327579 0.12683748926976107 -0.016453644329415408 0.07436831461310775 0.010458638379722211 0.11666360274259574 0.0064136216818289739 -0.074180305355873152
leaf_weight=154.41543168202043 834.92161792516708 205.32235020399094 280.42190928757191 81.405284482985735 2045.8457607030869 1303.1277991905808 130.00338135659695 1537.1575377583504 115.26830038428307 163.8489253371954 115.7457531914115 139.97368161380291 103.84225618094206 115.61408671364188 17.647717457264662 55.674196351319551 96.128492951393127 41.834464725106955 65.539554491639137 106.01300736889243 44.951065298169851 301.58537605032325 514.05443271994591 146.13723690062761 157.23484256491065 239.5678343847394 247.00143197923899 10.235865656286476 186.35594111680984 83.638595513999462
leaf_count=1917 690 2883 290 1635 2172 3294 175 3638 366 187 1183 226 924 484 40 107 215 155 709 1035 241 5204 481 130 694 888 887 38 712 951
internal_value=0.0612368 0.020608 0.038341 0.0764699 0.0704042 0.0578635 0.0486235 0.0376125 0.0366972 0.0469632 0.0152884 0.0726373 -0.0240989 0.0460357 -0.0377232 0.0242121 -0.0208777 0.00733017 0.0465241 -0.0413991 0.0589167 -0.0598692 0.0796238 0.0685721 0.0587503 0.0374363 0.0514394 -0.0813515 -0.020746 -0.048142
internal_weight=9640.51 2628.89 2015.93 7011.62 6176.7 4130.85 1810.61 2167.53 1530.19 1311.08 578.758 732.319 219.111 1899.77 612.961 156.961 414.909 288.927 602.316 147.847 141.08 456.001 1963.32 1449.27 536.776 396.803 1784.16 125.982 267.761 101.286
internal_count=32551 18428 10209 14123 13433 11261 7326 7356 7036 5746 3054 2692 1290 5009 8219 1098 2867 1646 2517 1190 456 7121 3905 3424 1808 1582 4525 1221 2347 991
cat_boundaries=0 1 2 3 4 5 6 7 8 9 10 11 12 13 14 15 16 17
cat_threshold=288 4 824 4 4 6 1160 656 805 576 1 1313 4 67 2112 1 32
is_linear=0
shrinkage=0.1


Tree=13
num_leaves=31
num_cat=12
split_feature=11 15 11 6 10 10 10 0 11 9 11 7 9 1 11 5 0 3 10 13 8 8 10 0 5 5 9 9 5 13
split_gain=498.838 274.68 308.006 267.288 158.589 132.827 123.71 92.8919 91.5312 78.2338 78.0289 74.3384 61.2064 61.0015 58.7234 55.1458 53.303 52.0816 45.7878 74.0877 45.318 44.4426 67.2703 44.1306 43.4042 42.6596 41.316 47.3833 40.645 40.0385
threshold=114.50000000000001 0 506.50000000000006 1 2 3 4 25.500000000000004 247.50000000000003 18.500000000000004 60.500000000000007 5 9.5000000000000018 6 827.50000000000011 673.50000000000011 61.500000000000007 7 8 89.500000000000014 9 10 11 69.500000000000014 -1.0000000180025095e-35 1480.5000000000002 21.500000000000004 27.500000000000004 7014.5000000000009 83.500000000000014
decision_type=2 1 2 1 9 9 9 2 2 2 2 1 2 9 2 2 2 1 9 2 1 1 9 2 2 2 2 2 2 2
left_child=5 -2 3 4 8 -1 7 -5 13 11 23 24 -6 15 21 -3 -11 -12 19 -14 -10 -4 -23 -7 -9 -13 -17 -28 -29 -26
right_child=1 2 14 6 12 10 -8 9 20 16 17 25 18 -15 -16 26 -18 -19 -20 -21 -22 22 -24 -25 29 -27 27 28 -30 -31
leaf_value=-0.06837295436075129 0.1115237704650465 -0.050806422522944199 0.038940673953993171 0.12940694174629755 0.019569299912097757 -0.087526332994848632 0.086514175589833542 -0.13396173436642167 -0.046672652884360247 -0.0027127395406472471 0.070042401707535853 -0.05807588644912498 -0.0093180667213793242 -0.071367934597683938 0.098779545260361284 0.0089193880978132647 0.11847983849295041 -0.00083344624808015142 0.12582707296410758 0.15573663032960938 0.022154510641284091 0.053416875424520872 0.10122405716735619 0.53513348769682256 0.052611174557050305 0.095610068702467688 0.24897754868411864 -0.13073086798193154 0.27523377422775436 0.103317284469053
leaf_weight=313.8141044229269 1055.5023380219936 91.02351251989603 362.49023862183094 116.22720517963171 245.81971167773008 76.012373831123114 1056.9446709677577 11.465996671468018 113.2796266451478 511.01017661765218 179.25070186704397 87.943233098834753 94.561681479215622 297.98257098346949 1211.3297398090363 55.17042725905776 39.065426580607891 238.26683172211051 143.06245024502277 38.173392832279205 615.2010218501091 688.23506964743137 680.74566577374935 1.1555539742112149 873.83649077638984 22.729314539581537 19.370088618248705 8.0587708763778192 3.5537733547389498 189.49386513978243
leaf_count=5903 954 1061 668 148 1170 1378 1650 105 1370 2454 725 571 571 3499 1227 416 45 1478 151 45 2125 1022 709 4 2579 84 83 101 5 250
internal_value=0.0564012 0.0634361 0.0565153 0.0405227 0.00933828 -0.018709 0.0590192 0.0426283 -0.0107304 0.0370625 0.0138977 0.051525 0.0548022 -0.0449644 0.0818906 0.00328467 0.00589415 0.031253 0.0881925 0.0354774 0.0114518 0.0700752 0.0783193 -0.0782023 0.0595606 -0.0265127 0.0608149 0.153225 -0.00649398 0.0616474
internal_weight=9440.78 8632.28 7576.77 4633.97 1725.26 808.5 2908.72 1851.77 1203.64 1735.54 494.685 1185.47 521.617 475.159 2942.8 177.177 550.076 417.518 275.798 132.735 728.481 1731.47 1368.98 77.1679 1074.8 110.673 86.1531 30.9826 11.6125 1063.33
internal_count=32551 23063 22109 18483 10597 9488 7886 6236 8660 6088 3585 3589 1937 5165 3626 1666 2499 2203 767 616 3495 2399 1731 1382 2934 655 605 189 106 2829
cat_boundaries=0 1 2 3 4 5 6 7 8 9 10 11 12
cat_threshold=4 2 817 306 634 1 1569 4 66 4 4 569
is_linear=0
shrinkage=0.1


Tree=14
num_leaves=31
num_cat=15
split_feature=11 15 10 15 11 11 6 1 8 10 10 10 2 9 13 10 8 9 10 11 5 11 5 9 12 7 10 9 0 9
split_gain=436.336 233.763 186.507 134.533 155.332 130.842 121.692 87.268 83.4238 94.4353 86.7216 74.6086 71.3479 84.2763 69.1431 69.5961 76.52 97.1892 68.0937 61.8667 53.7962 53.5649 52.6893 52.659 44.1958 43.388 42.7915 57.3516 43.0356 42.6055
threshold=225.50000000000003 0 1 2 693.50000000000011 85.500000000000014 3 4 5 6 7 8 9 3.5000000000000004 370.50000000000006 10 11 16.500000000000004 12 379.50000000000006 694.50000000000011 481.50000000000006 199.50000000000003 7.5000000000000009 3.5000000000000004 13 14 24.500000000000004 56.500000000000007 28.500000000000004
decision_type=2 1 9 1 2 2 1 9 1 9 9 9 1 2 2 9 1 2 9 2 2 2 2 2 2 1 9 2 2 2
left_child=1 -1 7 -2 6 -4 14 18 10 -10 20 -8 25 -14 15 -5 19 21 -3 -17 -7 -18 -15 -9 26 -11 27 28 -24 -29
right_child=3 2 5 4 -6 8 11 23 9 12 -12 -13 13 22 -16 16 17 -19 -20 -21 -22 -23 24 -25 -26 -27 -28 29 -30 -31
leaf_value=0.092002917636126835 0.10900064513911477 -0.052770085911374921 -0.079608492637171055 0.00080997563029038965 0.08668636671708925 -0.015112614236362322 0.098765715779266197 0.015032424767674735 0.083185825822038775 0.050842292115798896 -0.080117838859735349 0.054316706462578801 0.16643373757108942 -0.078180686879740641 0.13932783255154421 -0.075079312289690975 0.014127814651438149 0.13430372736555699 0.068230315385382989 0.027991064429193732 0.36133199298902896 0.082613953756014269 -0.074276692566967728 0.073370170132519424 -0.080415490588532743 -0.072428873912086203 0.040472051324320871 0.17418218790620432 0.063914280343281712 -0.11124439299224764
leaf_weight=375.70738922059536 691.99239428341389 144.47881282866001 253.21959293633699 658.79548709839582 1683.8108643442392 6.5460577458143243 539.76371344923973 212.05306702852249 142.07406887039542 269.84305863082409 176.75532519072294 1777.7398998402059 22.931710310280323 158.81656047701836 55.898797161877155 74.51728805154562 279.70774874836206 150.74279146641493 57.33581068366766 266.53110516816378 9.0369188599288446 193.00455871224403 136.71798725053668 572.38188669830561 75.125630933791399 31.931417055428028 162.04671187698841 21.065734896808866 26.983300760388374 6.9567640498280516
leaf_count=450 633 794 5264 2106 1880 73 541 770 238 1543 3780 3852 35 1964 48 1473 1013 201 100 870 27 239 1310 1116 824 314 771 97 131 94
internal_value=0.052003 0.0195673 0.00821841 0.0665705 0.0611022 -0.0139799 0.0504765 0.0417826 -0.00076343 0.0102838 -0.0613296 0.0653298 -0.00195816 -0.0216377 0.0299772 0.0262116 0.0431067 0.0643861 -0.0167954 0.00547073 0.12377 0.0420901 -0.028976 0.0568749 -0.0107559 0.0377987 0.00403684 -0.0274383 -0.0514983 0.103323
internal_weight=9234.51 2862.01 2486.3 6372.5 5680.51 1500.05 3996.7 986.25 1246.83 1054.49 192.338 2317.5 912.419 610.644 1679.2 1623.3 964.503 623.455 201.815 341.048 15.583 472.712 587.713 784.435 428.896 301.774 353.77 191.724 163.701 28.0225
internal_count=32551 19695 19245 12856 12223 16465 10343 2780 11201 7321 3880 4393 7083 5226 5950 5902 3796 1453 894 2343 100 1252 5191 1886 3227 1857 2403 1632 1441 191
cat_boundaries=0 1 2 3 4 5 6 7 8 9 10 11 12 13 14 15
cat_threshold=4 3209 4 2 1162 4 64 560 3201 4 563 4 9 1 800
is_linear=0
shrinkage=0.1


Tree=15
num_leaves=31
num_cat=13
split_feature=11 12 15 11 10 5 6 10 13 0 0 3 11 3 1 9 0 3 12 9 11 6 9 9 10 9 10 0 1 10
split_gain=370.689 185.545 167.96 173.73 149.183 108.807 89.3707 88.8974 85.8564 93.4918 86.2398 73.7534 86.4034 66.6759 57.6063 55.5474 50.6614 49.4372 48.3325 47.9114 46.0003 45.4501 42.5751 50.8039 40.7049 40.4673 39.6276 36.0753 35.6317 43.84
threshold=184.50000000000003 3.5000000000000004 0 632.50000000000011 1 126.50000000000001 2 3 374.50000000000006 61.500000000000007 25.500000000000004 4 439.50000000000006 5 6 21.500000000000004 25.500000000000004 7 1.5000000000000002 26.500000000000004 146.50000000000003 8 20.500000000000004 10.500000000000002 9 28.500000000000004 10 58.500000000000007 11 12
decision_type=2 2 1 2 9 2 1 9 2 2 2 1 2 1 9 2 2 1 2 2 2 1 2 2 9 2 9 2 9 9
left_child=1 5 -2 4 8 20 7 15 9 10 -4 21 13 18 22 -7 -3 -8 19 28 24 -12 23 -6 -1 -17 -25 -19 -13 -30
right_child=2 16 3 -5 14 6 17 -9 -10 -11 11 12 -14 -15 -16 25 -18 27 -20 -21 -22 -23 -24 26 -26 -27 -28 -29 29 -31
leaf_value=0.021398580020655346 0.10337375695181412 0.085355037055105124 0.097701316331109234 0.078052570544857314 0.057496566309353014 -0.071910809779073923 0.063998529606714649 0.037619170248399558 0.14521880147014268 0.10128892459139363 0.010606467268684742 -0.0061311311772289778 0.034195944174128787 -0.073520085494987064 0.079212106657621004 0.11041387221984711 -0.07394468643103734 -0.049305264421568643 -0.025137790267474144 -0.10948250933568222 0.023711942705322887 0.055467000490641072 0.10369284554989032 0.028823418842791132 -0.073680926000840544 -0.12134845336784486 -0.08197989016433832 0.058179031770490844 -0.018788039059858697 0.088194624180645387
leaf_weight=59.313234835863113 771.64370442926884 21.52135369181633 140.99355975911021 1942.7330011725426 104.31396728754044 175.45434309914708 759.91022455319762 292.91014631837606 61.793570086359978 155.95003764331341 356.18516672775149 139.45289203152061 572.13797388970852 151.51541085168719 1121.4113636910915 32.159771513193846 275.88231498003006 75.626523535698652 442.46550477668643 24.965473089367151 121.65352316945791 617.15607467293739 56.568597063422203 51.845042519271374 176.60080346465111 9.8387454971671087 67.031768083572388 53.187369775027037 52.820661265403032 143.68518974259496
leaf_count=166 756 78 305 2319 373 2429 2999 1855 46 170 1583 717 1123 1119 1962 308 4175 636 2575 204 860 1387 81 213 2754 202 311 140 202 503
internal_value=0.0479653 0.0106276 0.0589613 0.0531841 0.0419687 0.0229942 0.035576 0.00222417 0.0285266 0.0260509 0.0216087 0.017318 0.00344291 -0.0149469 0.0687036 -0.0451087 -0.0624171 0.0547287 -0.00294849 0.0241722 -0.0262358 0.0386536 0.0253002 0.0065649 -0.0519923 0.0561203 -0.0381275 -0.00457012 0.0341042 0.0599205
internal_weight=9028.73 2054.06 6974.67 6203.03 4260.29 1756.65 1399.09 510.363 2859.12 2797.33 2641.38 2500.38 1527.04 954.905 1401.17 217.453 297.404 888.724 803.39 360.924 357.568 973.341 279.759 223.191 235.914 41.9985 118.877 128.814 335.959 196.506
internal_count=32551 16602 15949 15193 12874 12349 8569 4794 9934 9888 9718 9413 6443 5320 2940 2939 4253 3775 4201 1626 3780 2970 978 897 2920 510 524 776 1422 705
cat_boundaries=0 1 2 3 4 5 6 7 8 9 10 11 12 13
cat_threshold=4 826 2 321 12 2 134 6 2 1153 2240 834 40
is_linear=0
shrinkage=0.1


Tree=16
num_leaves=31
num_cat=13
split_feature=11 15 11 15 11 10 6 10 1 12 5 10 11 8 6 8 18 12 9 10 9 11 9 9 13 10 13 0 10 0
split_gain=317.431 186.659 142.523 124.623 134.039 113.713 96.9266 70.0401 68.622 61.9832 56.4869 55.4165 52.7295 43.506 42.4503 40.5776 39.8885 38.366 38.3491 36.3454 42.2751 39.3559 37.6729 59.0926 41.7128 35.1151 35.0531 34.6268 46.4154 34.8405
threshold=225.50000000000003 0 77.500000000000014 1 827.50000000000011 2 3 4 5 3.5000000000000004 -1.0000000180025095e-35 6 390.50000000000006 7 8 9 9.1718593838079006 2.5000000000000004 29.500000000000004 10 4.5000000000000009 146.50000000000003 23.500000000000004 27.500000000000004 18.500000000000004 11 406.00000000000006 61.500000000000007 12 29.500000000000004
decision_type=2 1 2 1 2 9 1 9 9 2 2 9 2 1 1 1 2 2 2 9 2 2 2 2 2 9 2 2 9 2
left_child=1 -1 -3 -2 6 8 11 -8 17 10 -7 12 18 25 19 -9 27 -4 26 21 -21 -12 -22 24 -24 -10 -5 28 -17 -30
right_child=3 2 5 4 -6 9 7 15 13 -11 14 -13 -14 -15 -16 16 -18 -19 -20 20 22 -23 23 -25 -26 -27 -28 -29 29 -31
leaf_value=0.08282975592161626 0.10008043810469976 -0.063122389355205949 0.0038051578233861232 -0.018851304483034504 0.083574464754050226 -0.10791889539961552 0.090082282704970928 0.001907777236588017 -0.072380034272959637 -0.0656756403439228 -0.11210930273264215 0.063836103558297483 0.031899576897556993 0.054721640210182554 0.025929837800562017 -0.010376721025283022 0.073519999736663982 -0.10898443654061335 0.097427943814583348 0.17183992669830112 -0.060595252880996153 0.11599149751638363 0.043993277104590188 -0.058196411711995646 0.29505337883870753 0.072528813112470308 0.13395971026007855 0.10182638154467538 0.087508555341709482 0.036801926766451942
leaf_weight=353.68266773596406 615.78076533973217 266.03184914588928 163.29487293586135 471.20014233887196 1071.4561116993427 45.015758533030748 530.78585955500603 175.2660715021193 43.767805468291044 164.70395678468049 9.5610806792974454 335.84097873419523 1072.56026224792 845.49732837826014 490.54831782355905 178.61094437539577 591.46745895594358 36.990013428032398 32.989939365535975 9.6777647919952852 219.51574026420712 36.2145971134305 18.783991638571027 37.006242798641324 10.21755428239703 16.002062767744064 15.505203977227209 88.349559277296066 166.22118074446917 733.28649887442589
leaf_count=450 633 5190 802 3174 1227 841 571 763 841 2308 128 817 2211 1739 2825 435 877 331 129 42 3252 107 256 553 15 15 12 89 242 1676
internal_value=0.0441321 0.0160508 0.00589434 0.056911 0.0517676 0.0144744 0.0441261 0.0572672 0.0366197 -0.00930104 0.00118576 0.0273326 0.0191122 0.0483588 0.00709229 0.0475454 0.052366 -0.016216 -0.00691082 -0.0200085 -0.0326051 0.0560943 -0.0406767 0.0255646 0.132444 -0.033559 -0.0139831 0.0416396 0.0367074 0.0456644
internal_weight=8845.83 2766.51 2412.83 6079.32 5463.54 2146.8 4392.08 2463.99 1105.55 1041.25 876.541 1928.1 1592.26 905.267 831.525 1933.2 1757.94 200.285 519.695 340.977 295.201 45.7757 285.524 66.0078 29.0015 59.7699 486.705 1166.47 1078.12 899.508
internal_count=32551 19695 19245 12856 12223 14055 10996 4653 3728 10327 8019 6343 5526 2595 7178 4082 3319 1133 3315 4353 4118 235 4076 824 271 856 3186 2442 2353 1918
cat_boundaries=0 1 2 3 4 5 6 7 8 9 10 11 12 13
cat_threshold=4 4 3273 2 3201 1098 819 4 2 4 2 64 24
is_linear=0
shrinkage=0.1


Tree=17
num_leaves=31
num_cat=16
split_feature=11 15 11 10 10 7 6 9 0 13 0 2 8 11 14 11 1 6 10 9 1 14 9 22 1 18 0 3 1 8
split_gain=268.925 199.392 181.086 127.551 111.088 87.5311 77.9516 77.1692 68.3412 63.1862 66.272 69.1185 54.5019 48.02 47.8996 48.0459 49.2433 47.1942 66.4328 62.6583 47.0783 51.0459 47.0399 45.9117 45.2705 44.5769 44.4657 41.0134 39.1887 37.1776
threshold=143.50000000000003 0 615.50000000000011 1 2 3 4 9.5000000000000018 34.500000000000007 388.50000000000006 60.500000000000007 5 6 368.50000000000006 2.5000000000000004 320.50000000000006 7 8 9 21.500000000000004 10 1.5000000000000002 15.500000000000002 11 12 9.3681557562202453 36.500000000000007 13 14 15
decision_type=2 1 2 9 9 1 1 2 2 2 2 1 1 2 2 2 9 1 9 2 9 2 2 1 9 2 2 1 9 1
left_child=4 -2 3 5 7 9 -6 -1 28 10 11 24 13 23 15 16 27 18 19 22 -10 -22 -14 -5 -3 26 -26 -13 -8 -4
right_child=1 2 29 12 6 -7 8 -9 20 -11 -12 14 17 -15 -16 -17 -18 -19 -20 -21 21 -23 -24 -25 25 -27 -28 -29 -30 -31
leaf_value=-0.010261475128392835 0.095007148294769653 0.077185019493378956 0.042584797739834528 0.081350214233846557 -0.058306940841670402 -0.024734018235211916 -0.038258551763368093 0.079105068782151289 -0.090217729023714069 0.13068210758094764 0.082069821271916449 0.016996806803831675 0.031682189437023882 0.048480253492442962 0.060923293699729035 0.018522109164181799 -0.054056003852118666 0.075703754453542979 0.080314237455958656 0.10255896822529201 -0.02451399071172156 0.10449959994612899 -0.067583861342534454 -0.072063824239253324 0.029988278938098013 0.088578854334045887 -0.03996727930990198 -0.056402380925610521 0.071756065907756017 0.075617325968473065
leaf_weight=167.85701254755259 801.80895797908306 251.8994248919189 443.77270500361919 17.229019984602928 366.40926383621991 387.91762161441147 37.334704359993339 227.70065687969327 74.07550354860723 56.466508567333221 182.13114257156849 362.99025051295757 83.030287951231003 137.86411832273006 150.07556086033583 781.07388336583972 231.85943247005343 912.97087858617306 171.88931764662266 47.600109770894051 164.67914625257254 37.686759755015373 112.31134261190891 78.894547764211893 457.76728987321258 99.674218960106373 113.36298494040966 85.675005301833153 145.02773743495345 1467.2270020097494
leaf_count=834 878 634 674 13 6457 2270 365 378 1255 47 235 2150 268 351 379 2079 1761 1121 198 51 2317 117 539 1178 1598 235 581 837 960 1791
internal_value=0.0406779 0.0478198 0.0419099 0.0314631 -0.00282195 0.0196954 -0.0236284 0.0401665 0.00355148 0.0259818 0.0238054 0.0196183 0.0548027 0.0106531 0.00712279 0.00159861 -0.0178254 0.0629955 0.035027 -0.000308509 -0.0277954 -0.000464725 -0.0253907 -0.0436001 0.041444 0.0264773 0.0161029 0.00205672 0.0510699 0.0679465
internal_weight=8656.26 7435.49 6633.68 4722.68 1220.77 3160.89 825.213 395.558 458.804 2772.98 2716.51 2534.38 1561.79 233.988 1611.67 1461.6 680.525 1327.8 414.831 242.942 276.441 202.366 195.342 96.1236 922.704 670.804 571.13 448.665 182.362 1911
internal_count=32551 19868 18990 16525 12683 12806 11471 1212 5014 10536 10489 10254 3719 1542 7206 6827 4748 2177 1056 858 3689 2434 807 1191 3048 2414 2179 2987 1325 2465
cat_boundaries=0 1 2 3 4 5 6 7 8 9 10 11 12 13 14 15 16
cat_threshold=4 826 3208 1 2 4 4 59 2 1 712 1 452 6 16 4
is_linear=0
shrinkage=0.1


Tree=18
num_leaves=31
num_cat=17
split_feature=11 12 15 11 10 6 9 1 9 10 9 10 10 10 5 10 10 10 12 0 13 10 13 1 5 8 0 1 15 15
split_gain=234.358 143.001 112.156 115.658 110.265 119.005 94.7203 86.2032 78.7229 70.9523 94.8644 65.1516 57.7443 57.6278 58.8848 51.2555 48.4824 46.477 45.0242 39.5048 37.8151 45.2169 36.8615 41.668 34.0239 32.2839 31.2891 29.8132 35.6569 30.9658
threshold=225.50000000000003 3.5000000000000004 0 827.50000000000011 1 2 9.5000000000000018 3 15.500000000000002 4 28.500000000000004 5 6 7 121.50000000000001 8 9 10 1.5000000000000002 29.500000000000004 1.0000000180025095e-35 11 98.500000000000014 12 9717.0000000000018 13 58.500000000000007 14 15 16
decision_type=2 2 1 2 9 1 2 9 2 9 2 9 9 9 2 9 9 9 2 2 2 9 2 9 2 1 2 9 1 1
left_child=1 4 -2 7 5 24 12 11 13 10 -10 19 -6 14 -7 -9 -8 -3 -18 -4 21 -14 23 -20 27 -21 -11 29 -29 -1
right_child=2 17 3 -5 6 8 16 15 9 26 -12 -13 20 -15 -16 -17 18 -19 22 25 -22 -23 -24 -25 -26 -27 -28 28 -30 -31
leaf_value=0.042417570953801012 0.092256107305897284 0.0010376564996924806 0.073752271987887294 0.074971858836793567 -0.035964037990067754 -0.09218767434829081 0.12612010134835674 0.06151694291606067 0.073507796664691177 -0.071059163960508681 -0.089969673767856001 0.069291763292045866 0.086348754358637925 0.1098573526638303 0.049436895139633133 0.012493235511871176 0.080011909380659663 -0.073639816071704375 0.056373634262104726 -0.02102699926480249 0.089300852583860224 -0.032018884647347354 0.078707286091753065 -0.045374740149706612 0.10104495094264372 0.033731663568327144 0.070560835544591388 0.053404380265936684 -0.066153383627988865 -0.032588568152908531
leaf_weight=73.580408271402121 546.0404908657074 141.64310283400118 229.2734267115593 986.91632872819901 165.86138528957963 35.117942530661821 126.856609351933 242.38930356502533 157.09525643475354 140.63493659347296 45.858737830072641 986.52246008068323 37.334686357527971 141.55613674968481 178.9919908978045 1510.5802125390619 290.67362502589822 214.58444187231362 54.947367161512375 118.52765632420778 95.707616064697504 91.919329822063446 73.128954857587814 96.545674068853259 18.483121925964952 1174.9649249538779 17.547233426943421 22.537772461771965 291.22425326704979 152.90570197999477
leaf_count=502 633 1113 450 1227 787 484 139 415 507 1540 272 1619 47 201 943 5081 547 3707 186 760 142 558 106 843 115 2671 96 32 4709 2119
internal_value=0.0375323 0.0129872 0.0488185 0.0440403 0.0220872 0.00221091 0.0461625 0.0369815 0.0291956 -0.0036923 0.0348518 0.0488636 0.0077939 0.0625894 0.0250385 0.0195824 0.0702331 -0.0459847 0.0529987 0.0352635 0.0398819 0.00637464 0.0204015 -0.00774401 -0.0323685 0.0287139 -0.0520582 -0.0369329 -0.0561812 -0.00745746
internal_weight=8459.95 2664.74 5795.21 5249.17 2308.51 1275.53 1032.98 4262.26 716.802 361.136 202.954 2509.29 390.823 355.666 214.11 1752.97 642.152 356.228 515.296 1522.77 224.962 129.254 224.622 151.493 558.731 1293.49 158.182 540.248 313.762 226.486
internal_count=32551 19695 12856 12223 14875 11520 3355 10996 4043 2415 779 5500 1534 1628 1427 5496 1821 4820 1682 3881 747 605 1135 1029 7477 3431 1636 7362 4741 2621
cat_boundaries=0 1 2 3 4 5 6 7 8 9 10 11 12 13 14 15 16 17
cat_threshold=4 881 2 1904 273 818 8 352 3202 8 217 128 1189 4 1633 4 3
is_linear=0
shrinkage=0.1


Tree=19
num_leaves=31
num_cat=13
split_feature=15 11 5 3 12 11 6 10 9 0 8 10 6 9 10 10 5 18 14 11 10 1 8 11 5 12 9 9 9 10
split_gain=213.736 240.977 142.276 97.1596 98.0035 76.9855 75.9901 67.7435 100.141 64.6419 64.0231 92.7516 71.5832 56.7813 114.832 81.0329 59.1205 56.166 49.6261 46.3627 44.6112 40.6343 40.4035 38.5412 36.7335 33.668 33.2198 32.1234 31.8594 31.2027
threshold=0 323.50000000000006 126.50000000000001 1 4.5000000000000009 827.50000000000011 2 3 21.500000000000004 68.500000000000014 4 5 6 16.500000000000004 7 8 184.50000000000003 8.9808643106107464 7.5000000000000009 92.500000000000014 9 10 11 263.50000000000006 1047.5000000000002 1.5000000000000002 14.500000000000002 8.5000000000000018 14.500000000000002 12
decision_type=1 2 2 1 2 2 1 9 2 2 1 9 1 2 9 9 2 2 2 2 9 9 1 2 2 2 2 2 2 9
left_child=-1 2 17 9 6 10 7 8 -5 -4 24 12 21 15 18 16 -9 -2 -15 -19 27 -12 -10 -6 -3 -23 -13 -18 -17 -21
right_child=1 5 3 4 23 -7 -8 13 22 -11 11 26 -14 14 -16 28 20 19 -20 29 -22 25 -24 -25 -26 -27 -28 -29 -30 -31
leaf_value=0.082435144125600074 -0.10102069033845429 0.022124943209611902 -0.058075396915058232 -0.054959358907833114 -0.069232769832584626 0.070649530518376955 0.045344639434378192 0.52452206950999114 0.13373558787541687 0.075398094273012639 0.024641546201052036 0.055844506825351595 0.045920640461911334 -0.077367133459660842 0.079767245450566793 0.016039463838249973 0.14651958227703807 -0.088687478103415651 0.16075314446936737 -0.033894204364399015 0.21029011588733892 0.0098417659271011343 -0.023176153141226626 0.048384355240735144 -0.037716615675265706 -0.063109010414962363 0.095894794945177164 -0.084420610743256547 0.16600198151887841 0.015070646538032823
leaf_weight=833.90533012524247 98.420194456353784 387.77629907801747 231.83938550576568 270.22801145724952 140.5895033609122 944.80112978816032 1464.5081232823431 4.6813390888273707 46.208254765719175 43.017311606556177 354.51972089707851 504.49584113806486 1092.6482889726758 134.48674497567117 90.117697805166245 179.65084011852741 9.8712991643697041 82.954129053279757 9.3614270314574224 234.40641357004642 29.73772194609046 122.01558557897806 25.44700189307332 34.745622202754021 139.47337825968862 131.38776160776615 351.32750663161278 15.45048953220248 15.379605898633598 270.74904468096793
leaf_count=1083 1681 1299 2455 3058 1923 1227 5117 31 100 67 735 822 1841 1483 197 972 56 1733 25 2769 42 284 646 128 547 409 419 185 40 1177
internal_value=0.0345497 0.0290476 0.00961441 0.0197964 0.0260307 0.045675 0.0316412 0.00747991 -0.0263202 -0.0358803 0.038023 0.0445668 0.0304381 0.0310276 -0.00390596 0.0643262 0.157066 -0.0311019 -0.0578491 -0.0194009 0.15435 0.00311129 0.0780114 -0.0459249 0.00629505 -0.0269203 0.0714508 0.00402015 0.0265061 -0.00802306
internal_weight=8294.2 7460.3 3431.85 2745.32 2470.46 4028.45 2295.13 830.62 341.883 274.857 3083.64 2556.39 1700.57 488.737 233.966 254.771 59.7408 686.53 143.848 588.11 55.0595 607.923 71.6553 175.335 527.25 253.403 855.823 25.3218 195.03 505.155
internal_count=32551 31468 23885 16525 14003 7583 11952 6835 3804 2522 6356 4510 3269 3031 1705 1326 314 7360 1508 5679 283 1428 746 2051 1846 693 1241 241 1012 3946
cat_boundaries=0 1 2 3 4 5 6 7 8 9 10 11 12 13
cat_threshold=4 1 2 2305 4 571 2 624 560 32 884 1 290
is_linear=0
shrinkage=0.1


Tree=20
num_leaves=31
num_cat=13
split_feature=15 11 11 10 8 10 5 1 3 10 9 10 9 13 10 13 11 6 13 0 8 10 9 18 11 0 0 11 10 0
split_gain=190.807 213.51 120.927 107.529 105.2 108.389 90.2115 80.7783 52.7959 48.744 113.651 116.947 82.1591 72.359 59.1285 51.5255 45.4288 44.8976 62.2876 40.5348 40.2468 55.5441 38.786 52.7116 40.8609 38.5568 39.9161 35.5443 34.6553 39.2452
threshold=0 450.50000000000006 77.500000000000014 1 2 3 -1.0000000180025095e-35 4 5 6 16.500000000000004 7 17.500000000000004 91.500000000000014 8 119.50000000000001 847.50000000000011 9 183.50000000000003 38.500000000000007 10 11 7.5000000000000009 8.9958467995562525 124.50000000000001 61.500000000000007 25.500000000000004 368.50000000000006 12 28.500000000000004
decision_type=1 2 2 9 1 9 2 9 1 9 2 9 2 2 9 2 2 1 2 2 1 9 2 2 2 2 2 2 9 2
left_child=-1 2 -2 -4 5 27 -6 9 -9 10 11 -8 14 -13 -11 25 20 -16 22 -17 -3 -22 23 -19 -25 26 -12 -5 29 -10
right_child=1 16 3 4 6 -7 7 8 28 12 15 13 -14 -15 17 19 -18 18 -20 -21 21 -23 -24 24 -26 -27 -28 -29 -30 -31
leaf_value=0.078211844919669232 -0.057104797530411283 0.012665103633272459 0.057660701038690823 -0.078408268503986259 -0.069090504407745806 0.11961961792517117 0.12674727700596197 -0.054682271463281695 0.18778453755075486 0.075753512166795198 0.11329650832509613 -0.00099217347244656804 0.078070002637065858 0.10641089554676771 -0.022800376340419332 0.095935713348342611 0.067309119066468401 -0.20356111021081849 -0.11356214624323967 -0.041254767141750429 0.028048369965165687 0.067113797377115605 0.081792503685389567 -0.14532687520132587 0.040166425968810739 0.085142810969000254 -0.044721597981739247 -0.0015568584256354771 -0.0053773195745847897 0.031092119781455332
leaf_weight=793.70451325178146 232.70344953425229 428.90349572896957 553.50937008857727 244.82351827807724 119.69116679951549 29.683078337460756 126.41573004424572 169.033626222983 18.130396634340286 161.86340928077698 16.616878323256969 338.43464127928019 437.69588151015341 76.999222360551357 257.47092982940376 62.934883639216423 859.45109510421753 10.587557874619959 27.191539220511913 32.74090626463294 814.37339708209038 740.5475182980299 148.70683380402625 12.832651704549788 159.21191128343344 26.662870172411203 420.92078237049282 79.797722239047289 595.51142075285316 135.02738407813013
leaf_count=1083 5190 939 802 5904 1130 42 162 1312 21 249 30 1615 788 111 1352 159 1159 48 97 163 1389 975 196 71 301 44 2988 513 3208 510
internal_value=0.0317855 0.0266214 0.013092 0.0169243 0.0106608 -0.0411329 0.0161627 0.019317 -0.00586729 0.0291899 0.0136397 0.0464116 0.0430576 0.01847 0.0239101 -0.0178334 0.0481049 0.00891303 0.0319359 0.0489882 0.039785 0.0472657 0.0438763 0.0130033 0.0263306 -0.0316059 -0.0387204 -0.0577382 0.0057296 0.0465984
internal_weight=8132.18 7338.47 4495.2 4262.49 3708.98 354.304 3354.68 3234.99 917.703 2317.29 1101.73 541.85 1215.56 415.434 777.865 559.876 2843.28 616.001 358.53 95.6758 1983.82 1554.92 331.339 182.632 172.045 464.201 437.538 324.621 748.669 153.158
internal_count=32551 31468 27006 21816 21014 6459 14555 13425 5051 8374 5272 1888 3102 1726 2314 3384 4462 2065 713 322 3303 2364 616 420 372 3062 3018 6417 3739 531
cat_boundaries=0 1 2 3 4 5 6 7 8 9 10 11 12 13
cat_threshold=4 3200 4 352 1841 1 562 528 64 2 4 569 66
is_linear=0
shrinkage=0.1


Tree=21
num_leaves=31
num_cat=9
split_feature=15 11 11 10 7 0 0 13 5 8 22 0 9 10 1 11 2 12 10 11 9 9 9 0 13 11 0 5 0 5
split_gain=168.539 182.219 110.563 103.486 85.5883 67.1463 68.8361 68.7161 56.4483 48.4919 58.3533 50.9148 47.1243 43.1025 41.1262 44.7279 36.9999 36.2441 36.2424 39.1983 61.6896 38.0023 35.9647 36.9298 33.185 32.1999 31.3472 33.069 31.2124 37.8675
threshold=0 519.50000000000011 92.500000000000014 1 2 25.500000000000004 59.500000000000007 388.50000000000006 964.50000000000011 3 4 27.500000000000004 16.500000000000004 5 6 308.50000000000006 7 1.5000000000000002 8 201.50000000000003 27.500000000000004 20.500000000000004 16.500000000000004 56.500000000000007 258.50000000000006 94.500000000000014 31.500000000000004 110.50000000000001 36.500000000000007 2601.5000000000005
decision_type=1 2 2 9 1 2 2 2 2 1 1 2 2 9 9 2 1 2 9 2 2 2 2 2 2 2 2 2 2 2
left_child=-1 2 13 4 5 -4 7 8 14 10 -5 12 -12 -2 15 -7 -3 24 -11 20 28 22 -21 -24 26 -13 27 -16 -20 -30
right_child=1 16 3 9 -6 6 -8 -9 -10 18 11 25 -14 -15 17 -17 -18 -19 19 21 -22 -23 23 -25 -26 -27 -28 -29 29 -31
leaf_value=0.074136477515180363 0.0203303510029887 0.036056118050162067 0.079944011210335397 0.10153970362015091 -0.038813582137542463 -0.017888558323890049 0.061388970529292521 0.122983602232897 0.020624764806067029 0.063522036703405171 -0.11553941271130297 0.42519071449093215 0.30496667035250136 -0.057959941902812701 -0.082938593297863433 0.033470043052658882 0.061606098737370711 -0.052741346110858379 0.048090881100060219 0.046307836169158137 -0.16237394814893874 0.084356547342541874 -0.059372018807949005 0.11918216950680732 -0.14386956796024672 -0.053792604151695504 -0.017246647066838094 0.09153906059430586 -0.066461040228733781 0.059977540387375954
leaf_weight=756.13867677748203 92.211657226085663 1216.6529991477728 142.82767956331372 30.433071091771126 358.58249513059855 377.97080292738974 231.31093571335077 47.599463514983654 910.72498343512416 628.45161128416657 3.9994583744555694 1.4166229888796795 7.9873292967677116 272.81813511811197 13.250545708462594 307.54840835742652 1061.1133164316416 339.27260085195303 120.06862713396549 226.94765996187925 21.999994248151779 169.97097603976727 70.67605060338974 13.854028820991514 15.908889241516588 151.5496379993856 182.34146636538208 60.281599178910255 73.798434369266033 34.883218184113503
leaf_count=1083 533 1981 384 24 2950 3282 453 45 3961 908 57 26 21 6336 118 879 1487 2908 289 485 78 203 320 17 146 1883 1172 182 275 65
internal_value=0.0293938 0.0245487 0.0137359 0.0179897 0.00699285 0.0132671 0.00943667 0.00410733 0.00154381 0.0388096 -0.00752653 -0.0318722 0.164662 -0.0392136 -0.0118588 0.00507866 0.0479588 -0.0304452 0.0457486 0.0292267 -0.00243482 0.0463239 0.0255698 -0.0301079 -0.00373256 -0.0493567 0.00498043 0.0600981 0.0129473 -0.0258784
internal_weight=7942.59 7186.45 4908.69 4543.66 2987.62 2629.04 2486.21 2254.9 2207.3 1556.04 195.386 164.953 11.9868 365.03 1296.57 685.519 2277.77 611.055 1360.65 732.199 250.75 481.449 311.478 84.5301 271.783 152.966 255.874 73.5321 228.75 108.682
internal_count=32551 31468 28000 21131 16480 13530 13146 12693 12648 4651 2011 1987 78 6869 8687 4161 3468 4526 2640 1732 707 1025 822 337 1618 1909 1472 300 629 340
cat_boundaries=0 1 2 3 4 5 6 7 8 9
cat_threshold=4 826 1 4 3 2184 1925 2 1216
is_linear=0
shrinkage=0.1


Tree=22
num_leaves=31
num_cat=12
split_feature=15 11 1 10 13 11 0 11 0 10 9 10 10 11 12 10 11 10 18 9 8 0 8 11 5 10 3 11 11 9
split_gain=149.075 154.1 100.745 75.2383 69.0943 61.3614 50.7124 64.8285 55.3305 48.4738 47.0613 75.3654 50.886 56.484 43.6374 43.7967 48.44 42.3101 40.5505 40.982 34.1971 32.1328 31.9485 31.0761 39.1992 31.057 29.8618 28.1947 27.9922 27.7835
threshold=0 607.50000000000011 1 2 8.5000000000000018 124.50000000000001 29.500000000000004 129.50000000000003 60.500000000000007 3 7.5000000000000009 4 5 199.50000000000003 1.5000000000000002 6 295.50000000000006 7 9.2738314686564447 4.5000000000000009 8 28.500000000000004 9 257.50000000000006 1918.5000000000002 10 11 94.500000000000014 80.500000000000014 3.5000000000000004
decision_type=1 2 9 9 2 2 2 2 2 9 2 9 9 2 2 9 2 9 2 2 1 2 1 2 2 9 1 2 2 2
left_child=-1 2 3 4 6 -4 25 -8 18 -6 11 26 -12 27 15 -7 -17 -16 19 -9 -3 -19 -11 24 -24 -2 29 -14 -13 -5
right_child=1 20 5 10 9 14 7 8 -10 22 12 28 13 -15 17 16 -18 21 -20 -21 -22 -23 23 -25 -26 -27 -28 -29 -30 -31
leaf_value=0.070192254163294818 0.10555015894037129 0.023631315382744884 -0.056804349608748278 -0.0213416816023764 0.08927459413311345 0.077540145103004776 -0.070592342097526781 0.065736999894312462 0.073579813515141215 0.26036542055599998 0.09979528205096537 -0.11537107109028254 -0.05114516336435241 0.060403357726066878 -0.033325121642728307 -0.025122376438173978 0.032565680571763893 0.088115889261639407 0.031691392335666375 -0.022037569330173336 0.057003535643963515 -5.2583375688797977e-05 -0.065790172314131382 0.042557741767525192 0.050402456182719262 0.01926974938657218 0.0055459075701297343 0.022693573118007005 0.055049880896108107 -0.1226686008704915
leaf_weight=721.17885834723711 50.041602674871683 404.21488675475121 209.49582916125655 60.370972853153944 149.61157909780741 98.800487585365772 145.02514503337443 57.020371153950691 94.675758367404342 5.4138003196567297 179.46428507566452 9.9521538652479631 62.040221396833658 573.69049675390124 475.44725021533668 251.87731051072478 344.82972968369722 50.218822494149208 223.90182444639504 792.49339398369193 1277.4765323251486 233.67314561642706 78.592087851837277 173.92782041430473 46.046030757948756 190.15295591950417 156.28116336837411 310.6575813293457 305.41576377861202 49.043891005218029
leaf_count=1083 76 696 4185 218 244 155 3884 137 127 11 261 173 578 1112 3196 1988 978 146 776 4531 1842 1369 789 362 210 987 491 870 826 250
internal_value=0.0270661 0.0225294 0.0142998 0.0234258 0.0101707 -0.00616768 0.000194641 -0.00753319 0.000295957 0.0445578 0.0388603 0.0159751 0.0510168 0.0402867 0.00108153 0.0191777 0.00807945 -0.0154935 -0.00616771 -0.016146 0.0489821 0.015015 0.0189878 0.015247 -0.0228642 0.0424418 -0.0231501 0.0104022 0.0481452 -0.0611696
internal_weight=7781.03 7059.85 5378.16 3713.82 2006.9 1664.34 1553.31 1313.12 1168.09 453.591 1706.92 581.064 1125.85 946.388 1454.85 695.508 596.707 759.339 1073.42 849.514 1681.69 283.892 303.98 298.566 124.638 240.195 265.696 372.698 315.368 109.415
internal_count=32551 31468 28930 16913 12134 12017 10518 9455 5571 1616 4779 1958 2821 2560 7832 3121 2966 4711 5444 4668 2538 1515 1372 1361 999 1063 959 1448 999 468
cat_boundaries=0 1 2 3 4 5 6 7 8 9 10 11 12
cat_threshold=4 1841 818 34 9 8 1154 795 4 4 514 2
is_linear=0
shrinkage=0.1


Tree=23
num_leaves=31
num_cat=13
split_feature=15 11 8 10 10 11 13 13 5 7 0 11 14 10 8 0 10 0 6 9 10 10 10 9 9 10 11 12 13 9
split_gain=131.281 133.576 81.7034 168.213 91.9682 82.857 57.0617 70.1411 60.6283 51.7228 50.8642 48.3188 45.2473 41.8083 43.7772 37.821 41.6934 58.6938 46.7604 41.7398 125.802 74.8255 41.9173 40.1804 61.4622 36.6707 34.3865 34.4749 34.098 32.5625
threshold=0 475.50000000000006 1 2 3 123.50000000000001 374.50000000000006 312.50000000000006 -1.0000000180025095e-35 4 30.500000000000004 79.500000000000014 2.5000000000000004 5 6 61.500000000000007 7 29.500000000000004 8 16.500000000000004 9 10 11 20.500000000000004 27.500000000000004 12 650.50000000000011 1.5000000000000002 356.50000000000006 1.5000000000000002
decision_type=1 2 1 9 9 2 2 2 2 1 2 2 2 9 1 2 9 2 1 2 9 9 9 2 2 9 2 2 2 2
left_child=-1 2 3 28 11 10 7 8 -7 12 -6 -4 15 14 -3 16 17 -10 23 20 -19 -21 -23 -18 -25 -11 27 -16 -2 -27
right_child=1 13 4 -5 5 6 -8 -9 9 25 -12 -13 -14 -15 26 -17 18 19 -20 21 -22 22 -24 24 -26 29 -28 -29 -30 -31
leaf_value=0.066368061361298344 -0.060462034895027099 -0.0014391779517487731 -0.11654146252785139 0.11101368821578071 0.030584941295087566 -0.065494290398672106 0.10912771717840836 -0.060895957100470556 0.055680095326118673 0.031604523753862628 -0.051349006309251224 0.050956498719916858 0.065900729607628994 0.05999880344958463 0.044515296845886156 0.06311560571797141 -0.014056427763288241 0.1391946355150615 0.055765831419091229 -0.082078172826624218 -0.0054976656190573207 0.091794908074017134 -0.012756852428689179 0.17502488557630766 -0.015861329055196088 0.19069137576176312 0.05187944732968576 -0.0036502074462303833 0.24630360527897621 -0.056880428533887674
leaf_weight=688.75738470256329 369.37142189964652 342.26127003133297 17.640307636931539 62.535583266988397 97.634918687865138 90.08386093750596 61.441400051116943 127.03524310700595 178.11274555325508 79.048753350973129 338.29728054627776 727.19737182185054 219.73361312970519 717.30891835689545 294.29834587872028 172.22650608420372 248.58126427419484 58.316503465175629 408.57968379929662 157.39432283118367 498.35952111147344 34.168051943182945 281.07708946056664 31.492816463112831 36.322371512651443 5.475064016878604 808.13899025321007 300.17560929059982 3.6592904683202496 179.15362708643079
leaf_count=1083 8087 741 125 161 905 758 65 770 401 424 5991 1166 511 1026 448 249 1311 67 772 861 1838 36 1591 49 158 9 1222 594 10 1122
internal_value=0.0249198 0.0206839 0.0104359 -0.0307168 0.0148646 0.00759628 0.0137961 0.0117081 0.015152 0.0179591 -0.0329984 0.0463671 0.0227206 0.0394268 0.0304514 0.0182124 0.0142103 0.00265608 0.0329623 -0.00649339 0.0120618 -0.0283477 0.00104898 0.00455675 0.0727847 -0.024014 0.0384503 0.0201945 -0.0559528 -0.0469935
internal_weight=7633.88 6945.12 4482.94 435.566 4047.37 3302.53 2866.6 2805.16 2678.13 2588.04 435.932 744.838 2324.36 2462.18 1744.87 2104.63 1932.4 1207.43 724.976 1029.32 556.676 472.639 315.245 316.396 67.8152 263.677 1402.61 594.474 373.031 184.629
internal_count=32551 31468 27437 8258 19179 17888 10992 10927 10157 9399 6896 1291 7844 4031 3005 7333 7084 4794 2290 4393 1905 2488 1627 1518 207 1555 2264 1042 8097 1131
cat_boundaries=0 1 2 3 4 5 6 7 8 9 10 11 12 13
cat_threshold=4 4 352 3264 1 825 4 554 2 512 512 8 768
is_linear=0
shrinkage=0.1


Tree=24
num_leaves=31
num_cat=14
split_feature=11 15 12 11 10 8 9 5 10 12 3 2 9 3 11 10 9 9 10 10 8 8 9 10 13 11 12 8 5 11
split_gain=115.025 90.5753 86.0914 71.7704 62.5996 53.64 54.0506 44.4424 39.2517 35.0783 31.1601 31.0693 35.9619 29.7362 31.1357 29.2041 59.2206 39.0665 81.9233 72.3301 37.6946 34.9186 31.2244 39.4856 63.5586 31.0583 31.8645 29.4218 28.5605 34.3318
threshold=184.50000000000003 0 4.5000000000000009 729.50000000000011 1 2 28.500000000000004 126.50000000000001 3 1.5000000000000002 4 5 2.5000000000000004 6 351.50000000000006 7 18.500000000000004 16.500000000000004 8 9 10 11 13.500000000000002 12 84.500000000000014 66.500000000000014 1.5000000000000002 13 210.50000000000003 129.50000000000003
decision_type=2 1 2 2 9 1 2 2 9 2 1 1 2 1 2 9 2 2 9 9 1 1 2 9 2 2 2 1 2 2
left_child=2 -2 7 4 5 -3 13 -1 -8 -6 15 -12 -13 14 -7 16 -9 19 -19 21 22 -17 23 24 -21 27 -27 -20 29 -23
right_child=1 3 -4 -5 9 6 8 10 -10 -11 11 12 -14 -15 -16 17 -18 18 25 20 -22 28 -24 -25 -26 26 -28 -29 -30 -31
leaf_value=-0.026718857827618327 0.071857032783215799 -0.030621191105804826 -0.076684000226707086 0.049158261738730759 0.049558330960439101 -0.069991434951301876 0.0065150139732420625 -0.094258511839085707 -0.10051699081431371 0.021794797325919893 0.069580979261230219 0.10205079030572542 -0.06025099445207064 0.023470900484338465 0.011183833283961331 0.26071605901436506 0.050223001743658825 -0.048278367945394612 0.39374154647172871 -0.063530383715578051 -0.07822005295605193 0.41856016098410165 0.08822086622364797 0.053193609651802448 0.057117722284035381 0.059278197481157258 -0.017532363608650563 0.098606241627759439 0.074940005669285992 0.11748179078450227
leaf_weight=315.7641313765198 467.79774084687233 296.7081331089139 133.23243140988052 1065.5964698642492 810.88823759928346 72.306873355060816 75.171872418373823 61.668963078409433 57.309543587267399 1037.1390112172812 29.170440047979355 15.232429271563886 131.57781708799303 1699.11763734743 136.35779552161694 13.487479381263256 52.538167651742697 171.01567801460624 4.1464482955634594 110.10709931887686 35.063174402341247 5.4912573304027346 74.739429485052824 146.63763336464763 72.36116973683238 140.96271074563265 87.554763169959188 18.219983102753762 121.65647489763796 12.205873344093559
leaf_count=4224 756 2823 2864 1667 1720 493 297 1370 289 2968 200 57 1589 4652 284 45 715 2038 13 786 571 31 208 302 187 271 480 175 447 29
internal_value=0.0229969 0.0298666 0.000585594 0.0259392 0.0200891 0.00906796 0.0148843 0.00694198 -0.046881 0.0337942 0.015094 -0.0233546 -0.0434112 0.0191734 -0.0161702 0.021113 -0.0255557 0.0265695 0.00358157 0.0434081 0.0207637 0.100501 0.029872 0.016621 -0.0148702 0.0392903 0.0298488 0.153321 0.0922066 0.210904
internal_weight=7471.23 5718.39 1752.83 5250.6 4185 2336.97 2040.26 1619.6 132.481 1848.03 1303.84 175.981 146.81 1907.78 208.665 1127.86 114.207 1013.65 421.9 591.75 438.909 152.841 403.845 329.106 182.468 250.884 228.517 22.3664 139.354 17.6971
internal_count=32551 15949 16602 15193 13526 8838 6015 13738 586 4688 9514 1846 1646 5429 777 7668 2085 5583 2977 2606 2054 552 1483 1275 973 939 751 188 507 60
cat_boundaries=0 1 2 3 4 5 6 7 8 9 10 11 12 13 14
cat_threshold=4 824 4 32 6 1 1 256 2672 688 1 4 10 4
is_linear=0
shrinkage=0.1


Tree=25
num_leaves=31
num_cat=13
split_feature=15 11 5 6 11 18 0 3 1 10 11 11 12 8 10 12 10 1 3 0 5 13 11 10 9 9 10 9 9 8
split_gain=105.119 106.368 90.7506 59.6032 41.6359 40.6484 40.0934 37.8049 36.2629 33.7497 29.9609 28.5155 28.4955 28.4237 45.806 42.8064 38.8124 28.3262 30.756 28.0888 28.005 27.4689 27.1023 26.3958 39.9409 50.407 112.838 50.5347 37.8161 38.5204
threshold=0 364.50000000000006 126.50000000000001 1 865.50000000000011 8.9808643106107464 65.500000000000014 2 3 4 75.500000000000014 136.50000000000003 4.5000000000000009 5 6 1.5000000000000002 7 8 9 25.500000000000004 12090.500000000002 392.50000000000006 37.500000000000007 10 21.500000000000004 14.500000000000002 11 4.5000000000000009 27.500000000000004 12
decision_type=1 2 2 1 2 2 2 1 9 9 2 2 2 1 9 2 9 9 1 2 2 2 2 9 2 2 9 2 2 1
left_child=11 2 5 6 8 -2 7 20 9 -3 -7 -1 23 16 15 22 -5 -12 -19 -18 -4 -21 -15 24 25 26 27 -9 29 -26
right_child=1 4 3 13 -6 10 -8 12 -10 -11 17 -13 -14 14 -16 -17 19 18 -20 21 -22 -23 -24 -25 28 -27 -28 -29 -30 -31
leaf_value=0.0090676603288345394 -0.091027974562912922 -0.041824458923125855 -0.084829556836103881 0.047538551108804714 0.052250269206648263 -0.10576835927196152 0.17830004796901089 0.15743829000206061 0.032591356458387379 0.015011432360464413 0.041018697913209334 0.069460282367864876 -0.068310779792959297 0.30147918788214162 -0.048791577201212744 -0.027437573595804222 0.084315984359007182 0.010186413108451964 -0.041436405021087364 0.0079682271673295751 0.32853937578565251 0.13353622604168935 0.068509974900823889 0.022755540464941604 0.1474182637402634 -0.064596734130171488 0.086164068650629852 -0.082802282213321782 -0.022916347064165257 -0.060099316701323707
leaf_weight=91.397166356444359 88.110264513641596 112.64547369629145 83.32950652949512 650.40227534808218 683.59420222043991 36.652053978294134 11.607543434947727 9.567692641168831 1737.3412932120264 708.59869243204594 76.533705731853843 540.7672540396452 60.897409649565816 5.376474952325224 122.81058893352747 61.198710115626454 55.112805977463722 186.93383925966918 289.74213661067188 823.57591370306909 1.6718084774911393 17.797923609614372 70.109647369012237 358.08763757161796 40.983558051288128 187.01728656701744 89.152407117187977 103.18425226397812 44.900059582665563 11.442437773570417
leaf_count=187 1765 305 1479 1221 1088 1248 10 27 3272 1649 370 896 1112 48 1527 392 84 1304 3055 4141 8 19 175 2124 79 2095 242 1695 638 296
internal_value=0.0210194 0.0172629 0.00516323 0.0130908 0.0303265 -0.0276734 -0.00647173 -0.00863763 0.0244689 0.0068062 -0.0182099 0.0597831 -0.00222208 0.0239404 -0.00668635 0.032348 0.0290781 -0.0124088 -0.0213986 0.0149875 -0.0686259 0.0106244 0.0851031 0.00251823 -0.0125941 -0.0271903 0.00745801 -0.0573316 0.0444393 0.102126
internal_weight=7360.54 6728.38 3486.2 2808.23 3242.18 677.972 1001.84 990.234 2558.59 821.244 589.862 632.164 905.233 1806.38 259.495 136.685 1546.89 553.21 476.676 896.487 85.0013 841.374 75.4861 844.335 486.248 388.922 201.904 112.752 97.3261 52.426
internal_count=32551 31468 25154 17412 6314 7742 9805 9795 5226 1954 5977 1083 8308 7607 2142 615 5465 4729 4359 4244 1487 4160 223 7196 5072 4059 1964 1722 1013 375
cat_boundaries=0 1 2 3 4 5 6 7 8 9 10 11 12 13
cat_threshold=4 2 1 142 25 1 1578 3521 1284 12 2833 256 1
is_linear=0
shrinkage=0.1


Tree=26
num_leaves=31
num_cat=10
split_feature=15 11 18 3 12 11 1 0 7 11 10 8 11 1 11 5 2 5 11 8 0 13 5 0 0 12 10 11 13 18
split_gain=92.1358 89.7167 65.8483 63.6284 58.3369 41.176 43.7173 38.3533 28.4232 29.645 29.3013 30.684 25.9317 25.4669 41.3052 25.2048 24.0394 27.5471 23.9066 22.4983 21.2251 24.0336 32.6996 21.2158 21.1342 23.99 34.082 25.0597 23.053 21.1649
threshold=0 311.50000000000006 8.9808643106107464 1 4.5000000000000009 847.50000000000011 2 68.500000000000014 3 64.500000000000014 4 5 136.50000000000003 6 135.50000000000003 368.50000000000006 7 12090.500000000002 263.50000000000006 8 29.500000000000004 356.50000000000006 7446.5000000000009 72.500000000000014 25.500000000000004 1.5000000000000002 9 408.50000000000006 358.50000000000006 9.197609678215132
decision_type=1 2 2 1 2 2 9 2 1 2 9 1 2 9 2 2 1 2 2 1 2 2 2 2 2 2 9 2 2 2
left_child=12 2 -2 7 8 6 -3 16 9 20 15 -12 -1 14 -6 19 -4 -18 -15 -10 21 22 -5 -22 -8 26 27 -26 29 -27
right_child=1 5 3 4 13 -7 24 -9 10 -11 11 -13 -14 18 -16 -17 17 -19 -20 -21 23 -23 -24 -25 25 28 -28 -29 -30 -31
leaf_value=0.0081858811077675283 -0.092916679348024334 -0.0030771764088281415 -0.075726189502665478 -0.036740312583404176 -0.16159881607999255 0.048117110698847505 0.069498319838889308 0.046066888452297616 0.091131366671110769 0.020052256316914333 0.2084829029695659 0.011892660252477965 0.066072573283291594 -0.076161346809780595 0.16678554778975366 -0.011423362251798623 -0.020308675411820253 0.26843501915885287 0.023187432673566336 -0.10800228487941665 -0.090773805474706329 0.48393797150455786 0.52043860039147072 0.25220161121712253 -0.013119235875660646 0.0057979133298283634 0.060445220673927047 0.033401398715948827 0.095816740652575727 0.035477149702284563
leaf_weight=91.132802456617355 69.995939657092094 601.51129047945142 172.83941433764994 10.138924995437263 5.2364607322961119 699.57129021733999 113.20532702282071 43.540431756526232 6.2510404493659735 2114.1178845074028 8.7407186776399612 86.601636691018939 513.10645337402821 135.94320120476186 14.264699969440697 105.5366245880723 64.383251206949353 3.4828115142881861 29.472017664462328 61.420894365757704 48.939217839390039 1.2456681970506895 1.1754126362502564 1.8725803196430195 156.17502244748175 893.88113483972847 374.77322979271412 447.83057171106339 35.237694792449474 328.60514395870268
leaf_count=187 1644 1724 2551 187 95 1159 185 79 43 11439 15 390 896 2513 47 1063 743 7 145 973 1509 6 4 2 611 2250 575 822 48 639
internal_value=0.0192577 0.0157662 0.00293148 0.00523285 0.0101138 0.0263042 0.0211336 -0.0389311 0.0142465 0.0180321 -0.0164486 0.0270757 0.0564084 -0.0440053 0.051962 -0.0396789 -0.0559235 -0.00549067 -0.0551277 -0.0896078 -0.0493608 0.0670421 0.0211433 -0.078134 0.0272286 0.0252108 0.0369511 0.0210247 0.0160743 0.0137757
internal_weight=7240.23 6635.99 2985.2 2915.2 2630.96 3650.79 2951.22 284.246 2446.04 2177.49 268.551 95.3424 604.239 184.916 19.5012 173.209 240.705 67.8661 165.415 67.6719 63.3718 12.56 11.3143 50.8118 2349.71 2236.5 978.779 604.006 1257.72 1222.49
internal_count=32551 31468 23455 21811 18431 8013 6854 3380 15631 13147 2484 405 1083 2800 142 2079 3301 750 2658 1016 1708 197 191 1511 5130 4945 2008 1433 2937 2889
cat_boundaries=0 1 2 3 4 5 6 7 8 9 10
cat_threshold=4 1 10 1 881 4 260 2 2 880
is_linear=0
shrinkage=0.1


Tree=27
num_leaves=31
num_cat=10
split_feature=15 11 11 10 13 6 8 5 9 11 11 0 0 10 9 8 12 8 5 9 11 10 14 5 10 13 9 13 11 1
split_gain=80.6039 75.6344 56.4842 53.6994 66.771 53.394 45.8651 40.2095 30.0979 31.1476 29.0729 29.5353 32.2658 28.0328 52.8912 44.0941 31.6873 26.8888 28.7379 25.8547 29.8592 36.5368 32.4284 32.7046 26.3852 41.5879 29.1426 28.7095 26.8309 25.7556
threshold=0 693.50000000000011 77.500000000000014 1 374.50000000000006 2 3 66.500000000000014 19.500000000000004 465.50000000000006 213.50000000000003 34.500000000000007 55.500000000000007 4 12.500000000000002 5 1.5000000000000002 6 168.50000000000003 28.500000000000004 199.50000000000003 7 1.5000000000000002 115.50000000000001 8 91.500000000000014 20.500000000000004 182.50000000000003 103.50000000000001 9
decision_type=1 2 2 9 2 1 1 2 2 2 2 2 2 9 2 1 2 1 2 2 2 9 2 2 9 2 2 2 2 9
left_child=-1 2 -2 6 5 10 -4 -7 9 -8 11 29 -13 -12 17 -16 -17 -15 -19 24 -21 -22 23 -23 25 28 -27 -28 -9 -5
right_child=1 -3 3 4 -6 7 8 19 -10 -11 13 12 -14 14 15 16 -18 18 -20 20 21 22 -24 -25 -26 26 27 -29 -30 -31
leaf_value=0.053126386725308054 -0.045011429208402266 0.03831001917916959 0.047407791509427109 0.048639579060063748 0.10685870041339592 -0.015930369679303096 -0.041798505305433879 -0.084463102941663384 0.051709685761187556 0.027209426453665843 -0.017279285199935747 -0.063434581603707102 0.034127500059779603 -0.0054971858551401877 -0.0066983819801346477 0.091376256810139139 0.025201833638815237 -0.013963899648139801 -0.15471596799700801 -0.093629268204309779 0.060756783175830123 0.11966314762419038 0.083098075171000041 -0.10999414859465313 0.016353877762600139 -0.087311406516318552 -0.11185817710712152 0.092585765410463608 0.062572476539587626 -0.025300075402064137
leaf_weight=578.55978909879923 183.31305679492652 1098.9894302710891 676.66514477878809 63.969406519085169 65.14973059669137 358.54985578358173 159.88974603451788 12.823515664786099 95.581135075539351 110.68671401590109 573.88159425929189 242.73934977594763 39.400791310705245 282.40637336671352 169.92771951854229 141.21847727894783 148.40393152087927 30.859133925288916 27.37328234128654 39.151898957788944 55.915278501808643 7.1080094575881949 15.441170737147329 48.583486221730709 1338.4532089494169 36.595809750258923 9.2711606062948686 26.507163878530264 385.36904971301556 119.81463131308556
leaf_count=1083 5190 1880 1124 738 79 2108 1933 100 384 199 2054 3875 381 958 1443 279 422 289 349 368 81 15 21 224 4411 120 35 37 824 1547
internal_value=0.0175862 0.0143509 0.00955911 0.0114531 0.00638798 0.004835 0.031677 0.014878 0.00347129 -0.0135689 -0.00790305 -0.0294896 -0.0498101 -0.000583426 0.0114632 0.0337413 0.0574682 -0.0182552 -0.0801272 0.0204704 -0.0172754 0.00625433 -0.0395673 -0.0806826 0.0239382 0.0442234 -0.0245682 0.0396086 0.0578373 0.00170592
internal_weight=7142.6 6564.04 5465.05 5281.74 4238.91 4173.76 1042.82 2333.77 366.158 270.576 1839.99 465.924 282.14 1374.07 800.189 459.55 289.622 340.639 58.2324 1975.22 166.2 127.048 71.1327 55.6915 1809.02 470.567 72.3741 35.7783 398.193 183.784
internal_count=32551 31468 29588 24398 20758 20679 3640 8344 2516 2132 12335 6541 4256 5794 3740 2144 701 1596 638 6236 709 341 260 239 5527 1116 192 72 924 2285
cat_boundaries=0 1 2 3 4 5 6 7 8 9 10
cat_threshold=4 3264 2 1 561 4 1 1 273 197
is_linear=0
shrinkage=0.1


Tree=28
num_leaves=31
num_cat=15
split_feature=15 11 18 3 0 2 10 9 13 10 13 1 9 10 10 0 0 12 8 0 10 2 9 3 0 11 10 8 1 11
split_gain=69.7269 67.6394 70.5378 57.3326 51.4088 49.8763 35.6024 40.4057 39.8726 100.781 45.8967 41.1236 34.8215 69.3794 51.3042 33.3311 32.729 33.3545 55.1002 44.661 32.4417 41.4912 31.4169 30.6754 30.0827 30.0352 29.0297 36.197 42.9179 28.8833
threshold=0 405.50000000000006 8.9722735180543012 1 63.500000000000007 2 3 3.5000000000000004 8.5000000000000018 4 99.500000000000014 5 7.5000000000000009 6 7 59.500000000000007 26.500000000000004 1.5000000000000002 8 49.500000000000007 9 10 4.5000000000000009 11 23.500000000000004 199.50000000000003 12 13 14 963.50000000000011
decision_type=1 2 2 1 2 1 9 2 2 9 2 9 2 9 9 2 2 2 1 2 9 1 2 1 2 2 9 1 9 2
left_child=-1 2 -2 4 24 26 12 -8 15 -10 -11 -12 14 -14 -5 16 -9 18 -18 22 21 -20 -19 -16 -4 -15 27 28 -3 -30
right_child=1 5 3 6 -6 -7 7 8 9 10 11 -13 13 25 23 -17 17 19 20 -21 -22 -23 -24 -25 -26 -27 -28 -29 29 -31
leaf_value=0.049813067286710505 -0.095026053821788109 -0.0045405655025816862 0.14567142455227888 0.033017490462397582 0.0385000882249983 0.039646910622042453 0.080392713328918647 0.036168579874757634 0.09019478158773335 0.067907411911750634 0.012177412417594204 -0.073123902867434948 0.090064183250485277 0.0002511787398893487 0.0098042607981491375 0.051951911477173374 0.11873946937893971 0.090372523382710235 0.19756960611846822 -0.091049115930256455 -0.022452131811543541 0.015322534455225823 -0.027347290097052959 -0.056976986969203891 -0.057734412998630885 0.039431770341260421 0.025320905475318196 0.011426240406357972 -0.10180528666757482 -0.35148586008014493
leaf_weight=557.14991158246994 70.154030525125563 133.45618778467178 7.4705687779933205 254.24777694232762 80.259222280234098 1259.4936167672276 61.733012994751334 115.60936123132706 141.45852420851588 57.144900236278772 109.62965894676745 107.30858845170587 167.831901749596 385.73942610435188 120.28489474952221 80.390914622694254 36.546680195257068 23.696669615805149 15.470276169478893 114.01124538760632 344.96862718928605 64.890715768560767 523.60613342374563 152.79050037264824 272.07065578922629 397.04013492539525 817.41804455965757 507.28265558928251 49.805483043193817 5.1083704233169547
leaf_count=1083 1512 371 22 1215 149 2226 159 596 242 137 643 1069 278 1953 407 235 197 79 29 1556 3505 262 6455 716 3643 1093 1517 988 188 26
internal_value=0.0161101 0.0131138 0.00429304 0.00621028 -0.0311779 0.0249462 0.0103821 0.000887365 -0.00193683 0.0250758 -0.0114076 -0.0328263 0.0218397 0.0334197 0.00137835 -0.0104458 -0.014495 -0.0197098 0.000910368 -0.0341113 -0.00921416 0.0448285 -0.0222504 -0.0282538 -0.0522985 0.0198704 0.0127092 -0.00243891 -0.0399074 -0.105771
internal_weight=7034.07 6476.92 3704.35 3634.2 359.8 2772.56 3274.4 1796.47 1734.73 415.542 274.083 216.938 1477.93 950.611 527.323 1319.19 1238.8 1123.19 461.876 661.314 425.33 80.361 547.303 273.075 279.541 782.78 1513.07 695.653 188.37 54.9139
internal_count=32551 31468 26152 24640 3814 5316 20826 15164 15005 2091 1849 1712 5662 3324 2338 12914 12679 12083 3993 8090 3796 291 6534 1123 3665 3046 3090 1573 585 214
cat_boundaries=0 1 2 3 4 5 6 7 8 9 10 11 12 13 14 15
cat_threshold=4 1 2 3273 34 1825 8 193 2 2 1 4 785 4 515
is_linear=0
shrinkage=0.1


Tree=29
num_leaves=31
num_cat=11
split_feature=11 10 12 8 15 11 1 5 2 9 1 9 1 10 11 12 10 0 12 5 13 0 5 18 18 6 10 9 9 12
split_gain=63.2557 59.0506 55.8702 47.2851 39.9935 38.5087 42.6453 36.4882 31.5201 35.6789 30.6947 27.9116 28.8688 27.8063 26.6014 39.8479 26.8 26.0026 26.9949 25.8401 24.4073 27.0573 28.4669 26.3819 28.0501 23.7486 23.632 53.3005 48.6509 29.4167
threshold=184.50000000000003 0 3.5000000000000004 1 2 650.50000000000011 3 -1.0000000180025095e-35 4 29.500000000000004 5 18.500000000000004 6 7 465.50000000000006 1.5000000000000002 8 25.500000000000004 1.5000000000000002 -376.99999999999994 96.500000000000014 59.500000000000007 740.50000000000011 9.1638251168628475 9.1606773255765521 9 10 17.500000000000004 7.5000000000000009 3.5000000000000004
decision_type=2 9 2 1 1 2 9 2 1 2 9 2 9 9 2 2 9 2 2 2 2 2 2 2 2 1 9 2 2 2
left_child=2 3 7 8 -3 6 25 -1 10 -10 -2 12 13 -4 15 -6 19 -8 -19 -17 21 22 -21 24 -24 -5 -27 28 -28 -29
right_child=1 4 11 5 14 -7 17 -9 9 -11 -12 -13 -14 -15 -16 16 -18 18 -20 20 -22 -23 23 -25 -26 26 27 29 -30 -31
leaf_value=-0.096437311291265815 -0.095788481727330677 0.070448705551185001 0.055313606708673295 0.0061982965320331943 0.04203302914313007 0.037175449339204691 0.060146096047256417 0.0070250371763076538 -0.0040923765544601289 0.12835275919227304 -0.015975128618941653 -0.09972779675466259 -0.073652353783506361 -0.059039589044305646 0.044069924504198527 0.15765548906117588 0.039770742285652028 0.0079758051237911378 -0.025386365069807171 -0.065729334935758707 0.068756580198056111 0.061307775195758751 0.022946396940087349 -0.04026491149670592 0.25803329851592788 0.048450282205799465 -0.0057954043909910621 -0.053113689467486902 0.086698411196203903 0.081067141369996959
leaf_weight=34.936273165047169 65.869848770089447 272.07669614255428 53.261909563094378 536.98992995359004 362.42219188064337 720.65490532666445 58.418156515806913 1402.1534997662529 182.60485147871077 22.88898378610611 171.43876954261214 75.542982690967619 50.474879012443125 23.162436053156853 621.00543746352196 8.5115869808942062 109.92534832656384 489.6335989702493 480.58772744424641 153.5158240776509 29.487998053431511 32.148539032787085 61.48609815724194 91.31692173704505 5.5321437865495673 447.74101846292615 107.10189974308014 121.23510080948472 121.24479644745588 18.883364830166101
leaf_count=1054 625 480 474 1792 908 1277 120 11295 1185 62 1260 2228 1093 458 1020 34 186 1569 1979 953 43 59 254 409 8 889 232 390 178 37
internal_value=0.0147443 0.0200609 -0.00241867 0.0125229 0.035082 0.0169212 0.010793 0.00450982 -0.0180112 0.0106601 -0.0428386 -0.0516024 -0.0229534 0.0178346 0.0281295 0.016872 -0.00166516 -0.00460365 -0.00854975 -0.0142568 -0.0185563 -0.0260409 -0.0350456 -0.00529577 0.0423521 0.0223656 0.0332763 0.0131653 0.0433159 -0.0350305
internal_weight=6932.25 5292.72 1639.53 3545.29 1747.43 3102.49 2381.84 1437.09 442.802 205.494 237.309 202.442 126.899 76.4243 1475.35 854.347 491.924 1028.64 970.221 381.999 373.488 344 311.851 158.335 67.0182 1353.2 816.206 368.465 228.347 140.118
internal_count=32551 15949 16602 11595 4354 8463 7186 12349 3132 1247 1885 4253 2025 932 3874 2854 1946 3668 3548 1760 1726 1683 1624 671 262 3518 1726 837 410 427
cat_boundaries=0 1 2 3 4 5 6 7 8 9 10 11
cat_threshold=825 4 6 1904 2 244 1429 587 66 2 289
is_linear=0
shrinkage=0.1


Tree=30
num_leaves=31
num_cat=13
split_feature=15 11 7 11 1 13 11 10 11 8 10 9 10 10 3 0 11 11 9 5 11 8 0 0 9 10 10 18 9 2
split_gain=56.1332 53.6332 43.8721 50.4176 38.6639 33.9371 25.3471 25.1609 29.4141 24.3607 23.9418 32.3315 45.5374 42.4165 41.2176 36.6058 27.3624 23.6263 26.7007 22.3379 27.7323 21.977 28.8694 21.9439 23.6336 98.6586 58.7648 24.3742 21.4666 21.4098
threshold=0 827.50000000000011 1 64.500000000000014 2 352.50000000000006 162.50000000000003 3 531.50000000000011 4 5 7.5000000000000009 6 7 8 53.500000000000007 311.50000000000006 114.50000000000001 24.500000000000004 328.50000000000006 295.50000000000006 9 24.500000000000004 29.500000000000004 16.500000000000004 10 11 9.3037851756491285 29.500000000000004 12
decision_type=1 2 1 2 9 2 2 9 2 1 9 2 9 9 1 2 2 2 2 2 2 1 2 2 2 9 9 2 2 1
left_child=6 2 3 -2 -5 7 -1 8 -4 -9 11 13 -13 29 -15 19 23 -11 -19 20 -16 22 -14 -12 25 -25 -26 -28 -29 -6
right_child=1 -3 5 4 10 -7 -8 9 -10 17 16 12 21 14 15 -17 -18 18 -20 -21 -22 -23 -24 24 26 -27 27 28 -30 -31
leaf_value=0.0068296029563271465 -0.064549548007465582 0.037620264097892063 -0.055692776626021359 -0.0052307749348070214 0.11039933060538198 0.10461162181975858 0.058038336171740014 -0.04135780391585564 0.010867508874471346 -0.10110291558108589 0.029540469221547912 0.087911876736038896 0.29871785716490534 0.024792553479135261 -0.12021048942645557 0.027937761639636179 0.021184813445879868 0.018244609646556186 0.14814989521059804 -0.13340003100498035 0.033735078914291075 0.038596088954405694 -0.025833812658683172 0.10898229070532216 -0.08636256871394804 -0.0074801206798114171 -0.014391717437844669 0.061634928256772248 -0.10573786482636656 0.028834857586447039
leaf_weight=127.93467591702938 87.088353298604488 666.6837215796113 265.23809145018458 1010.6406899336725 38.561479988507926 22.433057064190507 395.37935461103916 91.501615322194993 88.562041029334068 14.792535339482127 229.95831593219191 170.90930231660604 2.8246661983430377 118.91687886416912 22.062837675213814 36.863115087151527 1478.1347142755985 173.7261298391968 17.407695859670639 52.685406506061554 24.917760923504829 318.36920320801437 92.255242064595222 75.443408537656069 95.294171588495374 485.67170988675207 363.38108595274389 76.939022719860077 8.5105370515957457 194.51914314366877
leaf_count=261 3181 1227 2356 6127 117 72 822 1316 164 364 974 219 8 299 133 89 3321 702 21 242 46 574 786 106 933 3635 3315 357 62 722
internal_value=0.0134474 0.0107765 0.00763233 0.0108698 0.0122111 -0.0163198 0.0446658 -0.0204855 -0.0379587 0.00152439 0.0167175 0.0294627 0.0456096 0.0107514 -0.0173812 -0.0532996 0.0117699 0.0206527 0.0300759 -0.0886944 -0.0385602 0.0253827 -0.0161919 0.00143522 -0.00441241 0.00998749 -0.019262 -0.00302385 0.0449651 0.0405877
internal_weight=6847.61 6324.29 5657.61 4983.95 4896.86 673.661 523.314 651.228 353.8 297.428 3886.22 1072.89 584.358 488.527 255.446 136.529 2813.33 205.926 191.134 99.666 46.9806 413.449 95.0799 1335.2 1105.24 561.115 544.125 448.831 85.4496 233.081
internal_count=32551 31468 30241 25246 22065 4995 1083 4923 2520 2403 15938 3235 1587 1648 809 510 12703 1087 723 421 179 1368 794 9382 8408 3741 4667 3734 419 839
cat_boundaries=0 1 2 3 4 5 6 7 8 9 10 11 12 13
cat_threshold=4 1 74 59 4 1224 8 192 4 4 512 512 1
is_linear=0
shrinkage=0.1


Tree=31
num_leaves=31
num_cat=13
split_feature=11 15 10 2 8 10 9 10 9 10 12 11 10 11 11 11 5 5 11 3 0 0 9 10 11 9 9 1 10 10
split_gain=49.9492 53.653 40.769 40.5244 28.6271 40.7604 40.7965 44.9922 37.9526 36.5331 35.1705 33.3284 32.9603 35.1536 28.778 28.5295 27.4564 26.8675 26.3917 25.3796 29.1156 25.1704 24.7573 53.4992 60.5273 27.8207 35.7501 24.6703 23.4552 22.7991
threshold=116.50000000000001 0 1 2 3 4 16.500000000000004 5 20.500000000000004 6 10.500000000000002 481.50000000000006 7 223.50000000000003 205.50000000000003 405.50000000000006 -139.49999999999997 179.50000000000003 193.50000000000003 8 30.500000000000004 37.500000000000007 15.500000000000002 9 283.50000000000006 2.5000000000000004 12.500000000000002 10 11 12
decision_type=2 1 9 1 1 9 2 9 2 9 2 2 9 2 2 2 2 2 2 1 2 2 2 9 2 2 2 9 9 9
left_child=2 -2 -1 4 9 6 7 -6 10 11 27 21 13 -10 17 16 -5 -9 -19 -4 -21 -3 23 24 25 -7 -27 -8 -13 -24
right_child=1 3 19 15 5 22 8 14 12 -11 -12 28 -14 -15 -16 -17 -18 18 -20 20 -22 -23 29 -25 -26 26 -28 -29 -30 -31
leaf_value=-0.077817447680873175 0.048138097918701994 -0.013003252772016249 0.02067282333617515 -0.099681871080891271 0.08826094097553154 -0.16958592232952555 -0.0072958353932096945 -0.12898368856558654 -0.038177427875125458 0.070324992653570326 0.23505653104681745 0.02500448266746368 -0.021854814775591633 0.045964439461141773 0.018084393486344313 0.032864832725557354 0.01356966441096936 0.0030436530194152818 -0.16249377991454356 0.032701231932786068 -0.040342105054423455 -0.097169078048144619 0.06662819731123909 0.064098741340638282 0.022733944636840364 -0.0160643449097055 -0.15718707678377997 -0.060674714501364295 -0.03058567736595072 -0.0057955757839195975
leaf_weight=78.38879020139575 444.90121445059776 57.847827101126313 226.59081665799022 21.750503566116095 68.813144415616989 17.924223821610212 153.26646823249757 23.968850648030639 64.234719609841704 34.109248831868172 4.6581859588623038 125.77130828052759 274.36078529898077 218.73024481534958 583.10259295254946 1201.8755819052458 1355.4963355027139 102.82633985206485 10.626364365220068 71.052631570026278 235.26286084577441 92.1065279757604 199.68047381751239 158.43631625175476 335.68371687084436 119.34140750393271 21.128923207521439 235.18219526391476 163.48704415559769 61.011933878064156
leaf_count=2950 950 1176 2254 379 90 109 571 311 458 96 18 224 1318 458 1469 2226 6202 514 73 508 3971 2129 366 225 765 757 279 1165 410 130
internal_value=0.0122864 0.0149961 -0.0149759 0.0123058 0.00467251 0.0087144 -0.000337133 0.0164642 -0.0142943 -0.0179824 -0.0380878 -0.0258529 0.00248839 0.0259468 0.00826765 0.0216062 0.0117811 -0.0327848 -0.0124611 -0.00419316 -0.0226593 -0.0647005 0.0256811 0.0155551 -0.00128277 -0.0522621 -0.0372914 -0.0413633 -0.00660768 0.0520118
internal_weight=6761.62 6150.32 611.295 5705.42 3126.3 2652.98 1739.77 789.337 950.433 473.322 393.107 439.213 557.326 282.965 720.524 2579.12 1377.25 137.422 113.453 532.906 306.315 149.954 913.207 652.515 494.078 158.395 140.47 388.449 289.258 260.692
internal_count=32551 22868 9683 21918 13111 9076 6445 2457 3988 4035 1754 3939 2234 916 2367 8807 6581 898 587 6733 4479 3305 2631 2135 1910 1145 1036 1736 634 496
cat_boundaries=0 1 2 3 4 5 6 7 8 9 10 11 12 13
cat_threshold=4 272 2 4 2611 512 320 515 4 1288 620 64 1288
is_linear=0
shrinkage=0.1


Tree=32
num_leaves=31
num_cat=8
split_feature=11 15 11 12 10 0 7 10 9 1 3 10 14 11 18 10 9 13 9 11 12 9 9 11 9 0 11 5 11 11
split_gain=42.0718 43.1124 40.4259 35.3321 60.7116 52.1519 36.1011 31.7602 54.0582 29.5156 25.6767 33.5961 51.0899 50.7035 47.3844 30.6626 30.5033 27.6493 27.1239 26.2064 38.8916 45.9442 25.1803 25.0239 24.736 24.2091 23.768 34.3472 23.0934 37.153
threshold=77.500000000000014 0 935.50000000000011 1.5000000000000002 1 25.500000000000004 2 3 30.500000000000004 4 5 6 1.5000000000000002 335.50000000000006 9.1318922241846998 7 6.5000000000000009 87.500000000000014 7.5000000000000009 97.500000000000014 2.5000000000000004 20.500000000000004 1.5000000000000002 146.50000000000003 13.500000000000002 57.500000000000007 371.50000000000006 66.500000000000014 148.50000000000003 160.50000000000003
decision_type=2 1 2 2 9 2 1 9 2 9 1 9 2 2 2 9 2 2 2 2 2 2 2 2 2 2 2 2 2 2
left_child=7 -2 3 4 -3 -5 10 8 -1 -9 15 14 13 16 18 17 -13 19 -12 20 -7 24 -8 -21 -22 -18 27 -6 -20 -30
right_child=1 2 -4 5 26 6 22 9 -10 -11 11 12 -14 -15 -16 -17 25 -19 28 23 21 -23 -24 -25 -26 -27 -28 -29 29 -31
leaf_value=-0.096027260116848326 0.041452094122380691 0.049510408058080317 0.038411467239509306 0.058828916844510297 -0.042000501470636123 -0.041242373447900479 0.14129572093086593 0.045665007063292247 0.64587641790443007 -0.056263030559277484 -0.086328818975465682 0.030340061574512203 0.087551655896682554 0.023094573714592295 0.0097027345457428565 0.031238158843439584 -0.062785982820113079 0.053439164721524407 -0.1038827793205154 -0.11354818162951351 0.29564936082091492 -0.10274254646865366 -0.037793095516922559 -0.012793437117023833 0.83795411803649855 0.024489527307930189 0.021218926469101604 0.0067632706288519766 0.13546907922784343 -0.027118892223114616
leaf_weight=81.028620705939829 470.05223290622234 447.50010193139315 469.10007826983929 145.55887940898538 168.08036541007459 5.5725119039416295 8.0452357381582242 60.981068667955697 0.99417503923177619 37.516389333643019 101.50373963359743 62.725677767768502 74.170523319393396 407.08232787624002 309.76752511411905 501.63264183234423 191.90471143368632 68.541151687502861 36.48422159999609 26.615370948798954 1.7793826386332514 1.5706356484442947 325.14824510086328 333.89336171559989 1.5950483875349162 38.091576081700623 930.63722955808043 1027.10059597902 14.674669018946586 332.60200884565711
leaf_count=3238 1035 882 881 387 1826 86 15 953 8 1039 715 477 113 871 1278 1794 2291 146 748 490 22 74 2474 1179 41 210 1941 5366 116 1855
internal_value=0.0112198 0.012542 0.0102032 0.00784261 0.0164322 0.000447494 -0.00254116 -0.0363998 -0.0775769 0.00523455 0.00156404 -0.00626777 0.00852344 0.000269236 -0.0205942 0.0145321 -0.0314735 -0.00480358 -0.0403586 -0.0156925 0.139904 0.344036 -0.0334688 -0.0202319 0.55199 -0.0483316 0.00919283 -9.4463e-05 -0.0281996 -0.0202485
internal_weight=6681.95 6501.43 6031.38 5562.28 2573.32 2988.96 2843.4 180.52 82.0228 98.4975 2510.21 1569.01 773.975 699.804 795.032 941.2 292.722 439.567 485.265 371.026 10.5176 4.94507 333.193 360.509 3.37443 229.996 2125.82 1195.18 383.761 347.277
internal_count=32551 27313 26278 25397 10015 15382 14995 5238 3246 1992 12506 8674 3962 3849 4712 3832 2978 2038 3434 1892 223 137 2489 1669 63 2501 9133 7192 2719 1971
cat_boundaries=0 1 2 3 4 5 6 7 8
cat_threshold=4 1154 1 2514 880 4 1817 1570
is_linear=0
shrinkage=0.1


Tree=33
num_leaves=31
num_cat=9
split_feature=11 8 10 9 10 10 9 5 13 10 11 10 9 11 11 13 10 7 14 9 11 0 0 5 6 18 0 13 9 11
split_gain=37.8656 43.0327 48.254 48.572 121.063 90.0361 50.4293 51.771 43.8487 43.5793 64.4923 42.8956 38.5944 64.219 36.2606 33.9796 33.2707 30.2865 28.9604 52.0331 35.5755 28.1001 26.4853 26.269 25.9946 35.0118 25.1686 25.0599 24.7229 40.5614
threshold=116.50000000000001 0 1 16.500000000000004 2 3 19.500000000000004 1918.5000000000002 267.50000000000006 4 368.50000000000006 5 25.500000000000004 158.50000000000003 205.50000000000003 86.500000000000014 6 7 1.5000000000000002 2.5000000000000004 624.50000000000011 24.500000000000004 63.500000000000007 5868.0000000000009 8 8.9958467995562525 60.500000000000007 349.50000000000006 19.500000000000004 249.50000000000003
decision_type=2 1 9 2 9 9 2 2 2 9 2 9 2 2 2 2 9 1 2 2 2 2 2 2 1 2 2 2 2 2
left_child=16 9 3 4 26 6 22 -8 28 10 -2 -7 17 -14 -10 -15 -1 -13 20 -20 21 -6 -5 -12 27 -26 -3 -23 29 -4
right_child=1 2 8 5 18 11 7 -9 14 -11 23 12 13 15 -16 -17 -18 -19 19 -21 -22 24 -24 -25 25 -27 -28 -29 -30 -31
leaf_value=-0.073794842298218533 -0.074277882355859734 0.11418257076352673 0.0001261053356391929 -0.084938122376222461 0.08632339493253037 0.076559788616294921 -0.043949242317400369 0.033701783813622259 -0.11229471615900447 0.079231523726731645 0.0033251359577944244 0.00082861585812094127 -0.12312018993766037 0.026682535030206362 0.0055571465191632027 0.10043237193791675 -0.0043370137538879718 -0.06200168874154395 -0.10684839502779142 0.052465589146737573 0.036940039936254852 -0.038735077737234523 0.14705726317748188 -0.10562409654214672 -0.056485420783405182 0.011519953033205785 0.014805401122207074 0.12366779595542771 0.059629216520726329 0.042640774413025488
leaf_weight=70.143978610634804 147.10916745848954 162.5828415453434 327.47466044221073 180.91984539944679 33.78871600702405 87.612687207758427 227.67068950738758 137.84500475786626 29.653764236718416 43.132081016898155 601.71476486325264 616.88352184556425 25.239829710684717 311.45417750068009 218.29609738849103 78.149306051433086 526.54815078061074 87.617131188511848 22.210250955075026 266.36640032380819 278.14901761710644 261.18577190954238 5.0585110187530509 22.975768901407719 85.871515375562012 639.48556819558144 30.222500756382942 9.8602077960968 361.08404828980565 712.99592872336507
leaf_count=2950 4756 213 1299 921 48 119 1018 437 370 55 1674 2272 321 952 653 109 6733 524 95 589 506 1362 4 85 481 1793 58 11 649 1494
internal_value=0.0102156 0.0126 0.0159499 0.00928676 0.0209104 -0.00249077 -0.0355898 -0.0146651 0.0300441 -0.00876544 -0.0145216 0.0128218 0.00719916 0.0314615 -0.00853744 0.0414758 -0.0138115 -0.00698545 0.0114581 0.040204 0.00520528 -0.00336301 -0.078628 -0.000681956 -0.00640434 0.00346913 0.093743 -0.0328271 0.0370839 0.0292598
internal_weight=6609.3 6012.61 5197.68 3548.17 1789.72 1758.45 551.494 365.516 1649.5 814.932 771.8 1206.96 1119.34 414.843 247.95 389.603 596.692 704.501 1596.92 288.577 1308.34 1030.19 185.978 624.691 996.403 725.357 192.805 271.046 1401.55 1040.47
internal_count=32551 22868 16298 11833 5156 6677 2380 1455 4465 6570 6515 4297 4178 1382 1023 1061 9683 2796 4885 684 4201 3695 925 1759 3647 2274 271 1373 3442 2793
cat_boundaries=0 1 2 3 4 5 6 7 8 9
cat_threshold=4 571 528 528 352 8 272 1 2
is_linear=0
shrinkage=0.1


Tree=34
num_leaves=31
num_cat=9
split_feature=11 6 10 11 15 7 10 13 5 11 14 9 9 9 1 0 0 13 5 0 11 1 9 9 10 5 11 1 9 11
split_gain=35.5381 40.2933 49.0667 37.5767 31.8534 30.1072 28.5606 44.292 26.7 41.3634 23.6525 27.2197 34.423 33.068 26.2282 23.0181 23.0042 22.4821 21.9996 21.3485 27.4571 21.0604 19.7185 27.4426 41.6032 28.9942 34.0488 27.8078 26.5226 28.2326
threshold=847.50000000000011 0 1 247.50000000000003 2 3 4 28.500000000000004 56.500000000000007 354.50000000000006 7.5000000000000009 23.500000000000004 27.500000000000004 14.500000000000002 5 59.500000000000007 40.500000000000007 374.50000000000006 126.50000000000001 26.500000000000004 187.50000000000003 6 4.5000000000000009 11.500000000000002 7 1047.5000000000002 283.50000000000006 8 10.500000000000002 261.50000000000006
decision_type=2 1 9 2 1 1 9 2 2 2 2 2 2 2 9 2 2 2 2 2 2 9 2 2 9 2 2 9 2 2
left_child=1 2 3 10 -3 15 7 -6 9 21 11 13 -13 14 18 -4 -7 22 -1 20 -14 -8 -5 28 25 26 -25 -26 29 -24
right_child=-2 4 5 17 6 16 8 -9 -10 -11 -12 12 19 -15 -16 -17 -18 -19 -20 -21 -22 -23 23 24 27 -27 -28 -29 -30 -31
leaf_value=-0.08534390079796822 0.032419964944782748 0.044198478314167983 0.023116058114651547 0.065366121071098918 0.049479809249527322 -0.09358706838404468 0.0075814333629953381 -0.040447301872914829 0.011163932245637921 0.014226661973413532 0.070842524985695959 0.066447633859669716 -0.12354932438320308 -0.081931971978775789 -0.057126855034333693 0.11250927982760706 0.009279814433581007 0.12343526536388161 0.041762224289907758 -0.072877234930411205 0.35378700948450309 -0.068352491673827662 0.12744610743135404 -0.12497613537356925 0.0048905223743162468 -0.019469701064294659 0.042093250059133003 -0.042535682975770109 -0.1182800506524207 -0.030432097754188515
leaf_weight=16.663423276506364 605.06526067107916 309.73821943625808 591.9096404472366 39.648499794304371 356.2088813111186 38.030001985840499 53.546075060963631 64.721701869741082 2292.2487680269405 205.82902342826128 20.123588491231203 48.782372595742345 2.128401772119104 186.70462736487389 87.688021683134139 30.277886966243386 50.752231367863715 13.978120081126688 74.483683249913156 45.38508568238467 2.7777519915252924 138.23963473550975 11.910376061685382 12.631501609459518 246.23793863877654 124.38715063221753 355.89693942945451 241.12878178060055 32.96722149476409 231.1615031696856
leaf_count=407 1203 711 2794 82 614 336 380 163 9381 460 139 651 46 3686 2224 52 284 13 801 1291 14 2127 82 244 684 539 1152 881 144 966
internal_value=0.00933468 0.00697766 -0.00265653 -0.0114465 0.014035 0.0194197 0.0108547 0.0348254 0.0069885 -0.0169071 -0.0352973 -0.0398945 0.00659816 -0.0524955 -0.0217638 0.0274663 -0.0347834 -0.00270809 0.0166933 -0.0514557 0.146708 -0.0503206 -0.00406865 -0.00625996 0.00158286 0.0218336 0.0363669 -0.0189574 -0.0341117 -0.0226962
internal_weight=6531.25 5926.19 2505.65 1794.68 3420.53 710.97 3110.79 420.931 2689.86 397.615 484.737 464.613 99.0736 365.54 178.835 622.188 88.7822 1309.95 91.1471 50.2912 4.90615 191.786 1295.97 1256.32 980.282 492.916 368.528 487.367 276.039 243.072
internal_count=32551 31348 17512 14046 13836 3466 13125 777 12348 2967 9259 9120 2002 7118 3432 2846 620 4787 1208 1351 60 2507 4774 4692 3500 1935 1396 1565 1192 1048
cat_boundaries=0 1 2 3 4 5 6 7 8 9
cat_threshold=2 817 4 1 129 1137 300 256 624
is_linear=0
shrinkage=0.1


Tree=35
num_leaves=31
num_cat=9
split_feature=11 12 10 8 15 13 11 13 13 10 9 9 10 10 12 14 9 13 5 2 13 5 11 9 9 10 13 0 1 13
split_gain=30.5724 44.4868 38.5672 32.9141 28.8275 26.3779 26.6421 32.4018 28.0438 25.7796 72.1033 54.5394 85.5426 59.3155 35.0695 27.3901 28.2405 24.9297 24.8456 23.9955 25.4087 32.4744 23.9948 23.9087 22.3584 25.6503 43.4333 35.798 32.8605 23.4879
threshold=184.50000000000003 4.5000000000000009 0 1 2 373.50000000000006 650.50000000000011 307.50000000000006 344.50000000000006 3 20.500000000000004 16.500000000000004 4 5 3.5000000000000004 1.5000000000000002 7.5000000000000009 195.50000000000003 1219.5000000000002 6 274.50000000000006 3120.5000000000005 215.50000000000003 14.500000000000002 29.500000000000004 7 106.50000000000001 60.500000000000007 8 342.50000000000006
decision_type=2 2 9 1 1 2 2 2 2 9 2 2 9 9 2 2 2 2 2 1 2 2 2 2 2 9 2 2 9 2
left_child=1 24 3 23 -4 6 7 9 -9 10 19 12 -11 -13 22 17 -17 -14 -16 -5 -21 -22 -15 -2 25 26 -1 29 -27 -28
right_child=2 -3 4 5 -6 -7 -8 8 -10 11 -12 13 15 14 18 16 -18 -19 -20 20 21 -23 -24 -25 -26 28 27 -29 -30 -31
leaf_value=0.031599957375874434 -0.052411390516058524 -0.068078108416357641 0.058285954781079653 -0.062697299180519556 0.019325576990205651 0.090545890781243366 0.026685395187947832 -0.095360567752757419 -0.0060004260564949473 0.09039500883091442 0.068240672133656255 0.072290943575421943 -0.0070193187522142224 -0.11779886268582385 -0.019003833892932278 -0.0054895405710877502 0.11498050021548754 -0.17696280280155899 0.075856166677956929 0.012716133185897828 -0.17510522694113073 0.13333604842913285 -0.03669620285566183 -0.0025922504408679293 -0.064843584491394088 0.04571898133342224 -0.038924097053122594 -0.34981025899564361 -0.017257879585440072 0.086310430913986755
leaf_weight=500.77593453787267 147.18373080343008 100.7585476655513 221.61400401964784 51.936947891488671 1364.6657411437482 40.052173018455505 647.58963352441788 58.66927607730031 87.493498381227255 122.63284311071038 230.1592726148665 52.182380937039852 401.74400471150875 39.711331171914935 71.127750102430582 39.388092011213303 38.457877662032843 8.8214878365397436 45.130185656249523 515.35046363063157 14.849722264334561 4.4323216080665579 448.21255473978817 278.80667311511934 50.286878539249301 85.141938857734203 120.07103402167559 3.4422195181250563 660.16854998655617 17.110091524198651
leaf_count=2528 1315 2864 480 220 3874 59 1268 283 346 166 365 72 1292 363 326 115 59 51 115 1607 92 9 1655 1817 613 1120 923 19 8495 40
internal_value=0.00846537 -0.00384498 0.012305 0.00614215 0.0250996 0.00995125 0.0088296 0.003645 -0.0418693 0.00683696 0.0205556 -0.00214868 0.0193341 -0.0221809 -0.0310233 -0.00035184 0.0540257 -0.0106708 0.0178199 0.00219528 0.00849928 -0.104204 -0.043297 -0.0198052 0.000658888 0.00303423 0.0175369 -0.0312964 -0.00955355 -0.0233041
internal_weight=6467.97 1537.76 4930.21 3343.93 1586.28 2917.94 2877.89 2230.3 146.163 2084.14 816.729 1267.41 611.044 656.364 604.182 488.411 77.846 410.565 116.258 586.569 534.633 19.282 487.924 425.99 1437 1386.71 641.399 140.623 745.31 137.181
internal_count=32551 16602 15949 11595 4354 8463 8404 7136 629 6507 2293 4214 1683 2531 2459 1517 174 1343 441 1928 1708 101 2018 3132 13738 13125 3510 982 9615 963
cat_boundaries=0 1 2 3 4 5 6 7 8 9
cat_threshold=825 4 6 257 528 8 1 665 1152
is_linear=0
shrinkage=0.1


Tree=36
num_leaves=31
num_cat=15
split_feature=2 14 10 11 10 1 9 9 10 10 1 3 1 9 5 6 10 11 5 5 9 8 8 13 9 5 2 7 5 9
split_gain=30.4633 43.3446 30.7377 26.984 27.3775 29.484 34.8014 27.8893 52.9775 47.6872 44.8533 44.2331 33.1389 51.8491 37.206 30.0288 26.7049 49.777 28.2553 40.3449 27.4422 26.6175 25.2962 32.1989 24.9619 32.8262 26.5063 25.3378 30.1704 24.6881
threshold=0 1.5000000000000002 1 506.50000000000006 2 3 30.500000000000004 11.500000000000002 4 5 6 7 8 15.500000000000002 8.5000000000000018 9 10 211.50000000000003 179.50000000000003 184.50000000000003 2.5000000000000004 11 12 190.50000000000003 6.5000000000000009 146.50000000000003 13 14 600.50000000000011 2.5000000000000004
decision_type=1 2 9 2 9 9 2 2 9 9 9 1 9 2 2 1 9 2 2 2 2 1 1 2 2 2 1 1 2 2
left_child=1 16 -3 4 5 -2 -7 9 -9 10 11 -6 13 14 15 -10 17 18 -1 -20 -21 -19 23 -18 -11 -26 27 28 -27 -4
right_child=3 2 29 -5 7 6 -8 8 12 24 -12 -13 -14 -15 -16 -17 22 21 19 20 -22 -23 -24 -25 25 26 -28 -29 -30 -31
leaf_value=-0.087461328048727471 0.054986964635816288 0.055903239848462655 -0.12051556421418873 0.030134703526910941 0.062126414714196325 0.0096008393099327946 0.20523032618226203 0.083868333527410382 0.069454238225027706 0.077973551530976792 -0.089458253840363045 -0.045666175039090595 -0.016672807173603227 -0.0018339602488123342 0.064701847909180085 0.35604754228488933 0.031863420443669709 -0.03359565440173963 0.5802978776345652 0.09733437800499356 -0.034528312172737413 0.0035061502126229258 -0.011813692641666027 -0.073308666954196605 -0.13037252607400104 0.15182199012233102 -0.1604525004892253 -0.14081970331132157 -0.0012446940362587082 0.013576240646024574
leaf_weight=96.593282181769609 198.67377975117415 200.99673127010465 14.146367544308303 863.90462101995945 50.390110620297492 735.31113447621465 9.2073065675795061 75.987605504691601 6.0883563440293056 55.902011067606509 122.33338121138513 93.504008146002889 405.31793282181025 142.78964712377638 54.22471031639725 9.1512078363448364 468.01854202803224 225.49808564968407 1.0927662095054973 16.568794850260019 332.54399397224188 1356.9343894161284 290.0359642226249 31.040516879409552 17.448019566945732 23.896688606590033 6.956198568455874 6.4509830716997376 27.92499472387135 466.9175425786525
leaf_count=2930 837 409 76 1615 191 3013 12 102 21 148 1056 646 3649 984 259 40 1304 1614 26 38 4846 3954 2372 147 187 46 65 48 89 1827
internal_value=0.00775076 0.00146801 0.0240881 0.01532 0.00905098 0.0214265 0.0118608 -0.00175524 0.0104026 -0.0226288 -0.0463861 -0.0063343 5.06687e-06 0.0311702 0.1035 0.241551 -0.00400625 -0.0100536 -0.0395783 -0.0263712 -0.0282701 -0.00178089 0.0115265 0.0253219 0.0245853 -0.00853954 0.0240495 0.0460741 0.0693394 0.00943691
internal_weight=6405.85 3500.39 682.061 2905.46 2041.56 943.192 744.518 1098.37 693.559 404.806 266.227 143.894 617.572 212.254 69.4643 15.2396 2818.33 2029.23 446.799 350.206 349.113 1582.43 789.095 499.059 138.579 82.6769 65.2289 58.2727 51.8217 481.064
internal_count=32551 19543 2312 13008 11393 3862 3025 7531 5055 2476 1893 837 4953 1304 320 61 17231 13408 7840 4910 4884 5568 3823 1451 583 435 248 183 135 1903
cat_boundaries=0 1 2 3 4 5 6 7 8 9 10 11 12 13 14 15
cat_threshold=2 2146 3267 1218 8 264 873 4 1508 1 2851 4 1 4 1
is_linear=0
shrinkage=0.1


Tree=37
num_leaves=31
num_cat=8
split_feature=11 12 10 7 8 11 10 0 9 13 13 13 5 14 13 11 10 9 3 11 11 3 9 9 5 0 11 5 11 8
split_gain=27.3956 31.0512 39.119 35.6016 33.0872 42.0005 33.1486 52.8792 33.2722 31.5254 29.0385 36.167 27.4215 25.3104 25.0522 22.5358 22.0042 38.6996 28.4502 24.446 21.0183 27.7826 22.6108 36.9895 31.5634 23.1987 22.608 21.2204 22.9433 20.601
threshold=935.50000000000011 1.5000000000000002 0 1 2 201.50000000000003 3 29.500000000000004 28.500000000000004 370.50000000000006 305.50000000000006 339.50000000000006 -36.499999999999993 7.5000000000000009 303.50000000000006 116.50000000000001 4 14.500000000000002 5 233.50000000000003 249.50000000000003 6 20.500000000000004 16.500000000000004 21.500000000000004 39.500000000000007 430.50000000000006 4896.5000000000009 590.50000000000011 7
decision_type=2 2 9 1 1 2 9 2 2 2 2 2 2 2 2 2 9 2 1 2 2 1 2 2 2 2 2 2 2 1
left_child=1 2 -1 4 6 -6 7 -3 16 10 14 -12 -13 20 29 -5 17 18 -8 -19 21 -9 23 27 26 -25 -24 -22 -29 -4
right_child=-2 3 9 15 5 -7 8 13 -10 -11 11 12 -14 -15 -16 -17 -18 19 -20 -21 22 -23 24 25 -26 -27 -28 28 -30 -31
leaf_value=0.035597705755942281 0.031061823930592328 0.069862197046321711 -0.017136868412856589 -0.1194138995316933 -0.07545568972876418 -0.0061078534089069915 0.028292280465088374 -0.0073613662463299827 -0.033598222370590687 0.088596858109608809 -0.13059769722368639 0.16247275767433789 -0.029064391040602974 0.081330481156359907 0.20734891724347762 -0.024294292373309243 0.049392395523433927 0.073874117440135265 -0.019694415129349 0.020902310590067905 0.014910908694500589 -0.066059792287895699 -0.003647833722196884 -0.10567680721134498 0.043946862078141698 -0.022952494589794318 -0.23442351540019196 -0.18436964009637444 0.025493058949671007 0.011142107371472742
leaf_weight=590.25296838860959 441.89114316925406 83.869190193712711 303.08215364441276 26.99462221795693 108.3589713643305 450.13035349361598 185.42862294334918 184.54766841605306 111.57442061882466 45.986277513206005 34.447494530119002 8.5807070387527329 57.981970464810729 27.503623319789767 6.2542759981006375 322.1722615538165 251.16698530130088 136.57903987262398 326.20094166509807 240.57924959436059 228.49724936485291 149.57668947055936 10.341541066765787 59.309046186506748 139.43483832851052 79.127170562744141 7.2009002566337577 11.586404137313368 9.4648847393691522 1717.0007343860343
leaf_count=1385 910 173 3527 1007 3438 2366 669 1565 823 75 215 43 370 59 12 2093 529 991 1778 602 547 1804 42 237 295 235 29 47 18 6667
internal_value=0.00704404 0.00524921 0.0129853 -0.00153864 0.00221545 -0.0195628 0.00764051 -0.0060444 0.0183722 0.00664962 0.00490945 -0.0474194 -0.00437301 -0.0131332 0.00751797 -0.0316481 0.0236201 0.0156056 -0.00213467 0.0400848 -0.0160887 -0.0358362 -0.00398121 -0.0169376 0.0280419 -0.0583934 -0.0983777 0.00605978 -0.0900131 0.00689928
internal_weight=6355.12 5913.23 2763.59 3149.64 2800.48 558.489 2241.99 990.459 1251.53 2173.33 2127.35 101.01 66.5627 906.59 2026.34 349.167 1139.95 888.788 511.63 377.158 879.086 334.124 544.962 387.985 156.977 138.436 17.5424 249.549 21.0513 2020.08
internal_count=32551 31641 12294 19347 16247 5804 10443 5051 5392 10909 10834 628 413 4878 10206 3100 4569 4040 2447 1593 4819 3369 1450 1084 366 472 71 612 65 10194
cat_boundaries=0 1 2 3 4 5 6 7 8
cat_threshold=3202 1 1 1539 2344 4 12 4
is_linear=0
shrinkage=0.1


Tree=38
num_leaves=31
num_cat=10
split_feature=11 3 18 0 0 12 0 11 5 13 5 13 13 1 8 8 10 11 5 11 10 10 9 10 10 13 10 13 13 9
split_gain=24.9233 40.7811 31.6253 28.8937 28.432 27.3178 38.0897 24.1712 23.8615 23.2057 22.7579 20.9811 35.8146 22.495 23.962 19.0538 33.9721 20.6857 19.1629 22.8518 18.2841 17.7993 50.0168 33.7726 32.9804 28.8624 37.7017 29.9969 43.5974 31.0348
threshold=450.50000000000006 0 8.9722735180543012 63.500000000000007 23.500000000000004 4.5000000000000009 26.500000000000004 426.50000000000006 1.0000000180025095e-35 93.500000000000014 2915.5000000000005 373.50000000000006 305.50000000000006 1 2 3 4 460.50000000000006 5868.0000000000009 993.50000000000011 5 6 7.5000000000000009 7 8 177.50000000000003 9 99.500000000000014 83.500000000000014 3.5000000000000004
decision_type=2 1 2 2 2 2 2 2 2 2 2 2 2 9 1 1 9 2 2 2 9 9 2 9 9 2 9 2 2 2
left_child=1 3 7 4 -1 11 8 -3 -7 -5 -6 12 21 14 -14 18 17 -17 -2 -20 -12 25 23 -23 -24 27 -27 28 29 -4
right_child=15 2 5 9 10 6 -8 -9 -10 -11 20 -13 13 -15 -16 16 -18 -19 19 -21 -22 22 24 -25 -26 26 -28 -29 -30 -31
leaf_value=0.11655997587713281 0.0022357800276761142 -0.090994516044520149 0.044314248890947823 0.042465812343816634 -0.06459258266428132 0.34744638786976956 -0.040634252876737276 0.092933447053090992 0.052842386523682616 -0.10836439508618637 0.053902656227415968 0.057372027537045761 -0.010073892991860883 -0.079452699561411752 0.24173978264083462 0.07787043768440452 0.035569365273666796 0.0042126328769912513 -0.16298638765013596 0.066114074140142073 -0.043354495354673443 -0.028419373397980976 0.072804079250042827 0.03805903589481572 0.021775972528359118 -0.051812533158640907 0.0600313772098117 -0.050628313910027957 0.053576170907119573 -0.0067269041353984725
leaf_weight=10.571154318749903 526.10529606789351 53.076750406529754 130.35608252137899 73.499998673796654 228.593104864005 3.143929359503093 210.29101746762171 8.2564471885561925 21.902479133568704 11.844186533242462 27.982536328025162 85.586486665531993 47.951713700778782 66.035390379838645 4.102164512500166 39.761770658195019 760.62925359606743 927.38846101611853 14.746716834604742 6.1777006760239592 29.578140210360289 278.93554842658341 158.98805663362145 94.912960007786751 655.62336783111095 30.94179761596024 150.08612979203463 112.04811262525618 153.653848095797 1382.848972113803
leaf_count=30 1187 1315 555 143 3551 17 3017 19 90 43 83 180 290 567 17 63 1413 1939 56 10 361 1103 270 201 1701 210 507 601 334 12678
internal_value=0.00639948 0.00167651 0.00495299 -0.0289848 -0.0444916 0.00618388 -0.0267501 -0.0662348 0.0898223 0.0215334 -0.0504412 0.00849606 0.00721544 -0.0468512 0.00819604 0.0147683 0.0199179 0.00716677 -0.00149686 -0.095347 0.00575861 0.00924336 0.0188401 -0.0112839 0.0328962 0.00331108 0.0413687 -0.000543189 0.00282359 -0.00232993
internal_weight=6305.62 4030.81 3648.74 382.069 296.725 3587.41 235.337 61.3332 25.0464 85.3442 286.154 3352.07 3266.48 118.089 52.0539 2274.81 1727.78 967.15 547.03 20.9244 57.5607 3148.39 1188.46 373.849 814.611 1959.93 181.028 1778.91 1666.86 1513.21
internal_count=32551 27883 23672 4211 4025 22338 3124 1334 107 186 3995 19214 19034 874 307 4668 3415 2002 1253 66 444 18160 3275 1304 1971 14885 717 14168 13567 13233
cat_boundaries=0 1 2 3 4 5 6 7 8 9 10
cat_threshold=1 225 1 4 569 2179 882 1033 8 80
is_linear=0
shrinkage=0.1


Tree=39
num_leaves=31
num_cat=8
split_feature=11 10 15 2 9 10 12 10 11 11 5 5 5 0 13 5 11 11 11 0 9 10 13 11 13 13 8 11 9 1
split_gain=24.9993 24.3752 22.5875 22.3295 21.6323 38.304 30.6844 30.1179 22.8164 22.5437 23.9589 21.7415 28.8745 24.3904 22.2382 21.8262 27.2896 28.8629 25.048 22.165 21.4716 18.2357 32.0504 38.8895 18.1244 18.0701 21.6119 17.7378 27.5729 19.4591
threshold=116.50000000000001 0 1 2 16.500000000000004 3 3.5000000000000004 4 70.500000000000014 80.500000000000014 979.50000000000011 8966.0000000000018 718.50000000000011 29.500000000000004 36.500000000000007 146.50000000000003 40.500000000000007 79.500000000000014 97.500000000000014 46.500000000000007 9.5000000000000018 5 218.00000000000003 390.50000000000006 199.50000000000003 356.50000000000006 6 66.500000000000014 29.500000000000004 7
decision_type=2 9 1 1 2 9 2 9 2 2 2 2 2 2 2 2 2 2 2 2 2 9 2 2 2 2 1 2 2 9
left_child=1 25 21 -4 7 -6 27 11 -9 10 -10 12 15 -14 -15 -3 -17 -18 19 -19 -11 22 -2 -24 -5 -1 -27 -7 29 -29
right_child=2 4 3 24 5 6 -8 8 9 20 -12 -13 13 14 -16 16 17 18 -20 -21 -22 -23 23 -25 -26 26 -28 28 -30 -31
leaf_value=-0.10019117345175205 0.016028865191603087 0.01081078991334165 0.0002766021846524057 0.015954059376741509 -0.087466331845673068 0.09256592018380666 -0.13224889611760846 -0.11539865558484011 -0.015698770873818949 -0.061598059179117287 0.16085666326620696 0.24663754260633541 -0.20866494767584284 -0.056577011784543378 0.076544333738890691 0.43467562632275575 -0.11992262979968388 0.14825789359913699 0.023537561844827741 0.38433874585667138 0.02280929438719068 0.044954115830625939 -0.33781487286863587 0.0079687056543659741 -0.015121718057099762 0.25905012674042471 -0.10501774781356965 0.05239313593365294 -0.17633915694677207 -0.032510698062508551
leaf_weight=53.5929203806445 79.908479440957308 23.955944241024554 2920.4392628651112 2194.4347128658555 66.239897324237972 25.493521107360721 15.215721157845108 20.847057480365038 15.359942398034038 66.251774644479156 15.384442515671251 5.3669781433418384 5.6515603018924585 24.919347772374749 25.278599612414837 2.7612596945837131 4.8063643695786586 16.190562556497756 11.536484829150139 5.2718341946601859 55.286605134606361 267.61136693879962 6.0810675099492055 6.9927081130445004 205.23336241114885 3.2446423172950745 3.2776305461302391 48.141884844750166 8.2219044864177686 42.184777448885143
leaf_count=2779 215 474 13111 8005 2511 244 671 525 123 419 63 31 54 430 53 47 128 62 93 25 267 683 32 20 802 4 167 190 47 276
internal_value=0.00583499 -0.0142359 0.00782941 0.00613767 -0.00614874 -0.0312462 0.00165752 0.0109022 -0.0163387 -0.00385056 0.0726493 0.0460474 0.0409291 -0.0117138 0.01046 0.086496 0.131191 0.109024 0.142371 0.206247 -0.023202 0.0317384 -0.00696926 -0.152867 0.0132963 -0.0695031 0.0760955 0.0182169 -0.00101647 0.0149421
internal_weight=6245.18 564.482 5680.7 5320.11 504.366 205.498 139.258 298.869 173.13 152.283 30.7444 125.739 120.372 55.8495 50.1979 64.5224 40.5665 37.8052 32.9989 21.4624 121.538 360.594 92.9823 13.0738 2399.67 60.1152 6.52227 124.042 98.5486 90.3267
internal_count=32551 9683 22868 21918 6733 3939 1428 2794 1397 872 186 1397 1366 537 483 829 355 308 180 87 686 950 267 52 8807 2950 171 757 513 466
cat_boundaries=0 1 2 3 4 5 6 7 8
cat_threshold=272 4 2 2656 736 784 4 1888
is_linear=0
shrinkage=0.1


Tree=40
num_leaves=31
num_cat=13
split_feature=11 6 10 9 10 11 1 7 2 0 0 9 10 18 12 0 11 0 8 5 11 12 9 1 10 5 15 0 10 1
split_gain=22.0381 23.528 28.9997 25.9181 39.154 25.0465 23.4818 21.3335 22.8477 21.1129 23.7474 19.7521 32.8717 19.9137 21.9259 25.5619 19.3161 88.66 21.6597 19.0938 18.1574 32.9095 24.7303 23.5628 36.0513 25.8371 20.8306 18.9564 18.639 25.2595
threshold=908.50000000000011 0 1 10.500000000000002 2 247.50000000000003 3 4 5 35.500000000000007 46.500000000000007 23.500000000000004 6 9.1518104283805481 2.5000000000000004 26.500000000000004 108.50000000000001 32.500000000000007 7 61.500000000000007 162.50000000000003 3.5000000000000004 16.500000000000004 8 9 126.50000000000001 10 25.500000000000004 11 12
decision_type=2 1 9 2 9 2 9 1 1 2 2 2 9 2 2 2 2 2 1 2 2 2 2 9 9 2 1 2 9 9
left_child=1 2 5 6 -5 9 -4 8 -8 11 -11 -1 13 14 15 -13 17 -17 -18 -3 21 23 -23 25 -25 -21 -22 -28 29 -29
right_child=-2 19 3 4 -6 -7 7 -9 -10 10 -12 12 -14 -15 -16 16 18 -19 -20 20 26 22 -24 24 -26 -27 27 28 -30 -31
leaf_value=-0.024165334523868987 0.026335605397148666 -0.0097341835875228051 -0.058027294337115967 0.10205869360232817 0.015137178616444567 -0.0037111726993346696 0.079963825747631279 -0.068058126049052828 0.0031007732366290577 -0.080683411204984207 -0.015747509922074059 0.55560578825295914 -0.050489554947824283 -0.0096890272523798716 -0.014924505995517631 -0.10287961730446696 0.22296617272515387 1.7785717527707599 -0.10249746963634354 -0.092938669201454716 0.047824778264461187 -0.021689717420832508 -0.14777881817460345 0.013298488270278595 -0.079313748480715485 0.023326158783979766 0.053564904644602264 0.038642267896728047 0.0032241897700828574 -0.0006332341484543225
leaf_weight=173.16137348674238 459.49785025417805 462.52258208533749 57.871710424311459 57.816778913140297 272.563015722204 1327.5843125628307 47.012577611021698 33.411810259334743 218.00652154348791 128.82011326821521 100.06384590175003 2.2356072692200604 18.2841148939915 6.8196185538545242 4.1935925246216348 0.67239188961684593 9.8586651645600742 0.39913906436413527 2.5798786133527782 20.071784720756114 186.9145588055253 41.135599292814732 25.01403794484213 95.176014418713748 64.75048884190619 400.46412758436054 110.82387978211045 432.70884473994374 1186.5426368219778 268.86186005268246
leaf_count=2951 985 3182 529 69 1376 4893 167 254 1084 3447 2097 24 322 98 128 39 10 16 127 229 522 447 912 382 514 2433 199 957 3351 807
internal_value=0.00526053 0.00357822 -0.00381884 0.0135233 0.0338958 -0.0105459 -0.00498751 0.00700756 0.0167358 -0.0310768 -0.0522946 -0.00882045 0.0501707 0.100327 0.18827 0.242387 0.190557 0.59795 0.155462 0.00910382 0.0121799 -0.0025409 -0.0693695 0.00507489 -0.0266589 0.017364 0.0165346 0.013303 0.0110102 0.0237934
internal_weight=6215.84 5756.34 2461.36 686.682 330.38 1774.67 356.303 298.431 265.019 447.088 228.884 218.204 45.043 26.7589 19.9393 15.7457 13.5101 1.07153 12.4385 3294.99 2832.46 646.612 66.1496 580.462 159.927 420.536 2185.85 1998.94 1888.11 701.571
internal_count=32551 31566 17631 3479 1445 14152 2034 1505 1251 9259 5544 3715 764 442 344 216 192 55 137 13935 10753 4917 1359 3558 896 2662 5836 5314 5115 1764
cat_boundaries=0 1 2 3 4 5 6 7 8 9 10 11 12 13
cat_threshold=2 817 8 2 1 1 256 1 1683 1713 4 2465 1592
is_linear=0
shrinkage=0.1


Tree=41
num_leaves=31
num_cat=12
split_feature=11 10 9 1 13 13 1 14 11 11 12 10 8 0 8 5 11 9 9 9 10 10 18 3 10 11 1 11 22 9
split_gain=20.5969 20.6696 25.5255 22.016 19.5511 21.6883 50.3623 21.5782 24.329 21.969 25.8142 33.1807 31.3309 30.0228 24.1082 27.8821 24.2089 44.5531 21.0998 58.2978 27.0467 20.9037 28.1771 31.1524 27.4776 22.4098 20.3062 20.1496 19.9687 38.3316
threshold=77.500000000000014 0 30.500000000000004 1 370.50000000000006 314.50000000000006 2 4.5000000000000009 151.50000000000003 993.50000000000011 1.5000000000000002 3 4 25.500000000000004 5 5367.5000000000009 368.50000000000006 27.500000000000004 12.500000000000002 3.5000000000000004 6 7 9.1474538175034628 8 9 148.50000000000003 10 108.50000000000001 11 7.5000000000000009
decision_type=2 9 2 9 2 2 9 2 2 2 2 9 1 2 1 2 2 2 2 2 9 9 2 1 9 2 9 2 1 2
left_child=1 2 -1 -3 5 7 -7 9 -9 10 11 12 -2 -12 15 -13 18 -18 19 -16 -20 -15 23 26 -25 -26 -23 -14 29 -24
right_child=4 3 -4 -5 -6 6 -8 8 -10 -11 13 14 27 21 16 -17 17 -19 20 -21 -22 22 28 24 25 -27 -28 -29 -30 -31
leaf_value=-0.092088736810795269 0.11248552475027014 0.040384228854103581 0.28703112491582744 -0.048830436645978248 0.048438034083524789 0.015359982951587664 -0.079817278015283974 -0.037460960217844175 0.045183836353719711 0.029497264682431492 0.04361672626311959 -0.020501613843477727 -0.0297533970096047 0.014827006187890186 0.027328552519998956 -0.19079986925916886 0.033647218095693869 -0.095418639347009587 0.039088686371399589 -0.061866887273563556 -0.021952296796715533 -0.014025495450688203 -0.033991689942091223 -0.066094812369795239 -0.077532380718259825 -0.015430228865580856 0.025741780599182487 0.024107119157205523 -0.0018648135194176988 0.081516339389646281
leaf_weight=61.137580223381519 38.20406679995358 54.680204981006682 1.8290407359600056 38.374490980058908 105.08576828613877 127.7195281679742 87.216550004668534 41.779755657538772 241.59737592563033 334.93662321195006 128.12038862332702 263.25329844933003 74.729341706261039 399.73260362911969 125.33850535750389 9.9784289496019465 395.85429009795189 28.683754302561283 158.36882952461019 176.41411209478974 120.38345889886841 311.05080570047721 42.993542015552521 159.41560765914619 63.356015865691006 701.28766863187775 204.11721133626997 984.76886340603232 605.76174969458953 86.596664542332292
leaf_count=3119 47 936 8 1175 230 510 626 191 562 715 377 2812 407 1947 334 137 741 95 536 1150 861 1731 135 905 1816 3962 950 2577 2789 170
internal_value=0.00475282 -0.0311187 -0.0699647 0.00242505 0.00568301 0.004923 -0.0262599 0.00609952 0.0329991 0.00469139 0.00305536 0.010659 0.023304 -0.00362975 -0.000379066 -0.0267209 0.00677848 0.0249269 -0.00649395 -0.0248179 0.013342 -0.00598115 -0.00982911 -0.0180109 -0.0288319 -0.0203102 0.00192103 0.0203082 0.00605063 0.0401004
internal_weight=6172.77 156.021 62.9666 93.0547 6016.74 5911.66 214.936 5696.72 283.377 5413.35 5078.41 2375.98 1097.7 2702.43 1278.27 273.232 1005.04 424.538 580.505 301.753 278.752 2574.31 2174.58 1439.23 924.059 764.644 515.168 1059.5 735.352 129.59
internal_count=32551 5238 3127 2111 27313 27083 1136 25947 753 25194 24479 9697 3031 14782 6666 2949 3717 836 2881 1484 1397 14405 12458 9364 6683 5778 2681 2984 3094 305
cat_boundaries=0 1 2 3 4 5 6 7 8 9 10 11 12
cat_threshold=2498 848 241 3715 4 4 328 2240 4 536 1080 8
is_linear=0
shrinkage=0.1


Tree=42
num_leaves=31
num_cat=9
split_feature=11 13 13 1 13 7 10 11 11 11 12 10 9 8 5 14 10 11 0 9 0 9 13 10 13 1 0 11 9 3
split_gain=17.9247 18.5344 22.898 31.5849 25.2901 21.819 25.6684 23.7714 22.8543 18.5141 18.4893 18.445 31.4008 22.9671 18.3294 17.3625 24.6285 33.0814 17.4825 17.2149 18.2593 17.1088 31.5634 16.563 35.6032 31.151 26.8151 43.0279 25.0057 37.7905
threshold=519.50000000000011 373.50000000000006 312.50000000000006 0 341.50000000000006 1 2 62.500000000000007 269.50000000000006 375.50000000000006 2.5000000000000004 3 20.500000000000004 4 -304.49999999999994 2.5000000000000004 5 166.50000000000003 24.500000000000004 21.500000000000004 52.500000000000007 14.500000000000002 205.50000000000003 6 185.50000000000003 7 37.500000000000007 326.50000000000006 7.5000000000000009 8
decision_type=2 2 2 9 2 1 9 2 2 2 2 9 2 1 2 2 9 2 2 2 2 2 2 9 2 9 2 2 2 1
left_child=1 2 5 4 9 7 -7 -1 19 -4 -10 12 -2 -13 -12 18 17 -17 -9 -8 -21 22 -18 25 28 26 -20 -28 29 -25
right_child=11 -3 3 -5 -6 6 8 15 10 -11 14 13 -14 -15 -16 16 21 -19 23 20 -22 -23 -24 24 -26 -27 27 -29 -30 -31
leaf_value=-0.060009545536397049 -0.032087282124607118 0.045494525990505102 -0.043710174287655182 -0.085218301143680994 0.034748905360423951 -0.041265846098672058 -0.051613127884468792 0.03943623758089717 0.059403170229422042 -0.27416288038155401 0.20798487796882884 -0.00083820115494305655 0.031111232111734777 0.026459949535092273 -0.11648629185851972 -0.010134012224958367 0.046407249353703522 0.068638213854144911 0.052024984962040624 -0.014715133294905673 0.16801641599531578 -0.033735821226843085 -0.16187588472937231 0.02831020310766616 -0.05127013397021906 -0.01019834905133617 -0.078503843138445606 0.056188008097378873 0.02443890387122858 -0.039890535389231409
leaf_weight=57.423650907818228 210.49800621718168 91.099138042889535 19.831925056874756 63.809337919112295 69.422907785046846 234.83133024955168 71.467430639546365 121.77071715146303 84.081647442653775 4.2295783907175055 2.0551075115799913 450.61660908907652 125.48683447390795 975.21308750286698 11.390330994501706 76.624433977529407 78.743267615325749 175.24556866288185 164.26222210237756 16.732530911918733 8.123032874427734 98.518847610801458 8.0164212896488589 140.81420643627644 87.547360041178763 1623.2343493755907 50.062095998320729 45.069626782089472 788.64683815278113 167.72487572580576
leaf_count=2821 509 210 152 734 390 2320 1364 368 361 21 6 947 238 1930 111 251 198 370 939 311 40 401 80 343 391 13035 831 136 2125 618
internal_value=0.00430158 0.000862396 -8.9888e-05 -0.0375348 0.00372925 0.00134233 -0.02001 0.00382716 0.00748223 -0.0842196 0.0419917 0.0128141 -0.0082381 0.0177085 -0.0668915 0.00483804 0.0235275 0.042968 0.00227619 -0.0266819 0.0450033 -0.00495201 0.0271623 0.000800979 0.0100149 -0.00502383 0.0265338 -0.0146922 0.0149963 -0.00913972
internal_weight=6122.59 4360.78 4269.68 157.294 93.4844 4112.39 428.681 3683.7 193.85 24.0615 97.5271 1761.81 335.985 1425.83 13.4454 3626.28 437.149 251.87 3189.13 96.323 24.8556 185.279 86.7597 3067.36 1184.73 1882.63 259.394 95.1317 1097.19 308.539
internal_count=32551 28927 28717 1297 563 27420 4513 22907 2193 173 478 3624 747 2877 117 20086 1300 621 18786 1715 351 679 278 18418 3477 14941 1906 967 3086 961
cat_boundaries=0 1 2 3 4 5 6 7 8 9
cat_threshold=241 1 59 529 4 2155 866 1408 4
is_linear=0
shrinkage=0.1


Tree=43
num_leaves=31
num_cat=8
split_feature=11 3 11 13 5 2 5 5 1 12 0 0 13 10 0 13 9 0 22 9 10 12 13 9 9 13 9 9 10 10
split_gain=15.2566 17.886 26.8244 26.0138 26.6919 27.3808 26.927 23.1464 24.7854 22.296 20.9269 18.1586 16.5239 17.6114 41.4924 32.4935 29.7733 31.5711 43.2516 24.777 26.7076 22.7012 23.1094 23.8566 29.6241 21.9586 29.2429 21.3676 36.461 34.6792
threshold=788.50000000000011 0 387.50000000000006 180.50000000000003 210.50000000000003 1 255.50000000000003 7446.5000000000009 2 1.5000000000000002 48.500000000000007 59.500000000000007 373.50000000000006 3 49.500000000000007 180.50000000000003 28.500000000000004 38.500000000000007 4 4.5000000000000009 5 1.5000000000000002 101.50000000000001 27.500000000000004 26.500000000000004 307.50000000000006 10.500000000000002 7.5000000000000009 6 7
decision_type=2 1 2 2 2 1 2 2 9 2 2 2 2 9 2 2 2 2 1 2 9 2 2 2 2 2 2 2 9 9
left_child=1 2 3 4 -1 -6 9 8 -8 -7 -4 12 13 25 16 21 19 18 -18 20 -15 22 23 24 -16 27 -27 28 -3 -29
right_child=-2 11 10 -5 5 6 7 -9 -10 -11 -12 -13 -14 14 15 -17 17 -19 -20 -21 -22 -23 -24 -25 -26 26 -28 29 -30 -31
leaf_value=-0.080642770330635022 0.01842366733784874 0.022065106282178022 -0.016493231710098782 -0.11741294414330515 0.072282536107427395 0.23898255201901361 0.005107874214263031 0.075690727731897195 -0.078731047728024972 -0.11503155117875091 0.039159675073410227 0.027554859127968546 0.046498835252304672 -0.031816727051535154 -0.0066383532649403948 0.041268371990671703 -0.073280278225347453 -0.10794785463873371 0.042071667865706777 0.0021834914588399058 0.066010103658658684 -0.064893703882036954 -0.17989450737000848 -0.1601126567276244 0.19368664052142312 0.051215033934487043 -0.095743246769563001 0.061724927143987356 -0.024681787829681143 0.012145758698885224
leaf_weight=64.729540684726089 644.86231300607324 308.86980043072253 152.54295906797051 33.99763001408428 35.936457708477974 6.6290879165753704 64.354250420816243 17.417663767933846 79.588535592425615 2.4316039066761732 121.28836257383227 310.27504236577079 83.970920089632273 33.269046470522881 134.15931089920923 52.435526173561811 48.714889246970415 47.587953754235059 63.562990258447826 1995.9761691601016 108.44190993020311 205.41366198379546 8.0320668239146453 9.4001901559531671 7.8118425752036265 19.907376799732447 42.336529834195971 162.85597982630134 340.21166997309774 870.59901920799166
leaf_count=1432 1431 1409 403 403 215 40 349 84 1437 71 237 811 196 117 814 235 344 686 595 13349 310 1991 60 106 12 51 258 329 1386 3390
internal_value=0.00388119 0.00215501 -0.0143165 -0.0349571 -0.0246161 -0.00704189 -0.0237689 -0.0331881 -0.0463629 0.143976 0.00815716 0.00414053 0.0025507 0.00172318 -0.00331714 -0.0323394 0.00193908 -0.0396879 -0.0107566 0.00505213 0.0454565 -0.0429191 -0.0146017 -0.00583094 0.00438436 0.0095301 -0.0487418 0.0117425 -0.00247728 0.0206734
internal_weight=6077.61 5432.75 578.916 305.085 271.087 206.358 170.421 161.36 143.943 9.06069 273.831 4853.83 4543.56 4459.59 2714.81 417.253 2297.55 159.866 112.278 2137.69 141.711 364.817 159.403 151.371 141.971 1744.78 62.2439 1682.54 649.081 1033.45
internal_count=32551 31120 4671 4031 3628 2196 1981 1870 1786 111 640 26449 25638 25442 18619 3218 15401 1625 939 13776 427 2983 992 932 826 6823 309 6514 2795 3719
cat_boundaries=0 1 2 3 4 5 6 7 8
cat_threshold=1 1 308 3273 8 2 2240 8
is_linear=0
shrinkage=0.1


Tree=44
num_leaves=31
num_cat=10
split_feature=8 10 11 12 10 11 11 10 9 0 9 9 18 0 0 11 15 2 10 13 10 0 5 2 9 13 13 13 0 1
split_gain=15.7985 38.4174 48.5254 48.365 31.8988 28.1024 25.1676 26.4058 23.8271 22.9949 20.8936 19.6789 28.4421 32.2361 18.6397 25.6129 29.9612 26.0725 25.3512 27.9463 23.1968 21.928 18.5771 18.3283 18.2771 18.2576 22.1587 18.6418 18.037 17.8235
threshold=0 1 364.50000000000006 1.5000000000000002 2 148.50000000000003 116.50000000000001 3 8.5000000000000018 46.500000000000007 27.500000000000004 9.5000000000000018 9.1050354087877228 35.500000000000007 58.500000000000007 607.50000000000011 4 5 6 28.500000000000004 7 55.500000000000007 1536.5000000000002 8 7.5000000000000009 356.50000000000006 142.50000000000003 361.50000000000006 54.500000000000007 9
decision_type=1 9 2 2 9 2 2 9 2 2 2 2 2 2 2 2 1 1 9 2 9 2 2 1 2 2 2 2 2 9
left_child=4 2 25 -3 -1 -5 7 10 22 -9 11 12 -6 -14 15 16 18 -18 -8 -20 21 -17 24 28 -7 26 -2 -27 -4 -21
right_child=1 3 23 5 6 8 14 9 -10 -11 -12 -13 13 -15 -16 20 17 -19 19 29 -22 -23 -24 -25 -26 27 -28 -29 -30 -31
leaf_value=0.033334432526649076 -0.052672426189788984 0.057061495859481039 0.054807878179816111 -0.14259487141383037 -0.093015427746968055 -0.055419064503221017 0.059932409429473255 -0.11014551974296537 -0.028254856597519543 -0.0021850879081901156 -0.13930979461820839 0.02031036211285225 0.11274142132200363 -0.074913181420721398 0.028023455008261283 0.0089703928432532699 0.0079793370229029586 -0.012986642350248071 -0.18261369349945189 -0.019908571581088649 0.040019703000193495 -0.11722062975511632 0.16272237972600745 -0.0092671099349387071 0.17592417285346151 0.25628829583589269 -0.21186299940440378 -0.022213988554452588 -0.080110342375347893 0.030159414538159176
leaf_weight=385.74767915718257 247.66909428872168 184.5915093543008 82.277925614267588 16.571490445174277 44.651540007907897 12.9684503749013 126.23821460083127 58.248206570744514 98.487086615525186 29.833667862229049 11.058175886981187 171.79714347841218 19.738860528916121 17.071489194408059 348.14739475399256 459.77271933853626 977.15900609921664 1509.2304971651174 7.5624822434037915 105.67411228735 320.20196928828955 14.195441395044325 13.114073276519774 558.69868630729616 4.6357763446867457 3.7147426269948465 9.0639954325743002 6.8085304037667811 11.265555951744316 182.09272872284055
leaf_count=829 7776 650 181 465 551 68 272 1978 403 643 300 2136 75 176 823 979 3287 7412 45 421 634 47 17 1651 8 10 119 50 41 504
internal_value=0.00351735 -0.00649451 -0.0169289 0.022382 0.00613064 -0.019996 0.00366309 -0.0219609 -0.0042718 -0.0660771 -0.00458602 0.00111541 -0.0393653 0.0257131 0.00590158 0.00382125 -0.000525519 -0.00472793 0.0238076 0.00690888 0.0197375 0.00508369 0.0726212 -0.0024079 0.00550128 -0.053001 -0.0582927 0.076098 0.0385595 0.0121296
internal_weight=6038.29 1249.87 919.499 330.368 4788.42 145.777 4402.67 352.399 129.205 88.0819 264.317 253.259 81.4619 36.8103 4050.27 3702.13 2907.96 2486.39 421.568 295.329 794.17 473.968 30.7183 652.242 17.6042 267.256 256.733 10.5233 93.5435 287.767
internal_count=32551 11439 9828 1611 21112 961 20283 5859 496 2621 3238 2938 802 251 14424 13601 11941 10699 1242 970 1660 1026 93 1873 76 7955 7895 60 222 925
cat_boundaries=0 1 2 3 4 5 6 7 8 9 10
cat_threshold=1 2520 192 2571 6 4 2082 569 1 131
is_linear=0
shrinkage=0.1


Tree=45
num_leaves=31
num_cat=7
split_feature=11 10 9 5 6 0 10 13 9 9 11 11 13 13 11 9 11 0 18 2 13 2 14 11 9 10 3 5 9 11
split_gain=13.2138 19.8989 18.5937 16.9132 14.0732 22.4327 23.1003 30.385 21.3465 29.1557 22.1099 22.8998 18.1896 20.907 18.0033 16.4501 21.3601 15.3644 25.6001 14.9362 26.395 14.6523 19.7534 19.2584 28.6408 30.5284 16.5991 24.3143 22.4548 17.1525
threshold=77.500000000000014 0 30.500000000000004 8966.0000000000018 1 58.500000000000007 2 342.50000000000006 2.5000000000000004 15.500000000000002 345.50000000000006 273.50000000000006 305.50000000000006 294.50000000000006 1194.0000000000002 29.500000000000004 332.50000000000006 49.500000000000007 9.3365764597814493 3 301.50000000000006 4 1.5000000000000002 394.50000000000006 22.500000000000004 5 6 4024.0000000000005 17.500000000000004 729.50000000000011
decision_type=2 9 2 2 1 2 9 2 2 2 2 2 2 2 2 2 2 2 2 1 2 1 2 2 2 9 1 2 2 2
left_child=1 2 -1 -3 5 6 7 8 -2 10 11 -10 13 14 15 -11 -17 21 -19 -12 -21 22 26 24 25 -23 27 -8 -29 -28
right_child=4 3 -4 -5 -6 -7 17 -9 9 12 19 -13 -14 -15 -16 16 -18 18 -20 20 -22 23 -24 -25 -26 -27 29 28 -30 -31
leaf_value=-0.08403721240669744 -0.19618876052662193 -0.001326128021356069 0.21415390474825161 0.19845530237152473 0.0082949224392715373 0.049503995811969882 -0.0063798758062902959 0.08186499964897892 0.012318377232118503 -0.068223258537546558 0.016503461366293489 0.14721182248650774 -0.1427699516277193 0.1433379912330375 0.089491374156548842 -0.12646273024032162 0.05525223012396633 -0.039292260407431168 0.04084152598926577 -0.18044877567099143 0.043755972023813261 0.066392589001363522 0.024714072979036453 0.026057102264635042 0.05281549801309933 -0.026925087407781819 -0.043033367162328112 -0.035968503151323515 0.12280420317366497 0.011268610149279844
leaf_weight=60.665911123855039 7.9908471256494513 76.669384221080691 2.1657652556896201 4.4854724602773777 3279.2424110141583 83.137089994736016 442.18515314767137 23.950321178883314 42.940211720764637 155.61078830529004 22.948574580252171 17.802436649799347 19.789390120655298 5.8879249021410933 9.1042245179414731 8.7008497351780516 25.215779043734074 194.185419567395 50.165833842474967 14.286208067089321 8.3024027682840806 30.553163167089224 186.53899881755933 501.82744383811951 73.099086826201528 285.24363351613283 237.87474229792133 12.912524012848733 28.719056522473693 76.998701177537441
leaf_count=3170 44 2000 8 60 12132 321 3355 53 182 860 46 43 164 8 15 74 47 1578 229 57 16 43 750 1064 713 2903 2247 87 122 160
internal_value=0.00321727 -0.0267101 -0.0636315 0.00865003 0.00395447 -0.00159251 -0.00330346 -0.0262617 -0.0346859 -0.0307821 0.0123614 0.0518529 -0.051224 -0.042366 -0.0478707 -0.0544691 0.00863573 0.000742295 -0.0228406 -0.0403169 -0.0980427 0.00381803 -0.00458518 0.0131128 -0.00359033 -0.0166469 -0.0114282 0.000488623 0.073559 -0.0288386
internal_weight=5989.2 143.987 62.8317 81.1549 5845.21 2565.97 2482.83 362.53 338.58 330.589 106.28 60.7426 224.309 204.52 198.632 189.527 33.9166 2120.3 244.351 45.5372 22.5886 1875.95 985.229 890.723 388.896 315.797 798.69 483.817 41.6316 314.873
internal_count=32551 5238 3178 2060 27313 15181 14860 1609 1556 1512 344 225 1168 1004 996 981 121 13251 1807 119 73 11444 6721 4723 3659 2946 5971 3564 209 2407
cat_boundaries=0 1 2 3 4 5 6 7
cat_threshold=3522 2 17 4 2 2176 10
is_linear=0
shrinkage=0.1


Tree=46
num_leaves=31
num_cat=9
split_feature=8 10 12 11 10 11 11 9 9 11 13 13 10 9 9 10 18 10 13 9 5 1 9 10 11 0 9 10 9 9
split_gain=12.9628 31.1678 39.8626 39.265 25.998 25.2928 21.7031 19.5167 18.2403 18.0022 20.322 24.5917 21.6275 50.2982 42.1358 88.1708 31.6018 28.6243 55.7421 31.8737 37.8159 31.3468 24.878 24.2397 23.3153 22.215 22.5567 21.298 27.3374 31.9168
threshold=0 1 1.5000000000000002 364.50000000000006 2 148.50000000000003 62.500000000000007 8.5000000000000018 19.500000000000004 607.50000000000011 373.50000000000006 321.50000000000006 3 7.5000000000000009 16.500000000000004 4 8.9808643106107464 5 83.500000000000014 19.500000000000004 1918.5000000000002 6 4.5000000000000009 7 551.50000000000011 28.500000000000004 3.5000000000000004 8 20.500000000000004 25.500000000000004
decision_type=1 9 2 2 9 2 2 2 2 2 2 2 9 2 2 9 2 9 2 2 2 9 2 9 2 2 2 9 2 2
left_child=4 3 -3 -2 8 -4 -6 -7 -1 10 11 12 14 22 15 -8 24 18 -16 -19 21 -21 23 -14 -15 -17 -27 -18 -29 -30
right_child=1 2 5 -5 6 7 9 -9 -10 -11 -12 -13 13 16 17 25 27 19 -20 20 -22 -23 -24 -25 -26 26 -28 28 29 -31
leaf_value=0.041170719034191991 -0.048830982417481496 0.051861115444467698 -0.14033669612373059 -0.0027292957300550456 -0.074215568936106965 0.066289300323855424 0.07976201506614021 -0.025674472475605337 -0.016647798694922177 0.01701663797630917 0.055035505637317184 -0.04147061657176062 -0.015354583869008152 -0.16812544325057022 -0.020219599426105302 0.040919613112744606 0.057823992739736457 -0.081804968378587362 0.062785736329465408 -0.085629198383121594 0.027901703480660581 0.0057311296166115151 -0.043930586081962479 0.046874265781341157 0.066703425403900049 0.064057784373200755 -0.016934581196672443 0.0043948066199161464 0.079174120209160662 0.014312522717238508
leaf_weight=309.63866292964667 258.0711378287524 181.10193848982453 15.262262735981492 650.20321466960013 36.027740601683035 30.108293080702424 139.62190329842269 98.810342690907419 66.23436907492578 824.07653757184744 67.22265643812716 140.38742023753002 213.68532495759428 14.582148037385197 466.04202623432502 91.500533157028258 161.72716119512916 133.26139345392585 97.899471301585436 89.436503844801337 96.365440564230084 66.540608367882669 195.4537435118109 76.964348159730434 5.9545074999332419 36.625721946358681 562.44708839338273 525.59179005492479 131.70985372550786 178.93018266744912
leaf_count=655 7955 650 465 1873 1942 93 234 403 174 1766 143 991 830 178 3663 253 291 1045 197 785 445 321 988 176 8 74 3010 2266 242 435
internal_value=0.00291358 -0.00621553 0.0200107 -0.015656 0.00529545 -0.0186079 0.0030699 -0.0041968 0.0301793 0.00372215 0.000584745 -0.000484049 0.0012679 0.0100553 -0.00618275 0.0102382 0.0227535 -0.0206048 -0.00570876 -0.0411742 -0.0213489 -0.0517769 -0.0163434 0.00220814 -0.100038 -0.00490238 -0.0119829 0.0252804 0.0180788 0.0418135
internal_weight=5961.48 1233.56 325.283 908.274 4727.93 144.181 4352.05 128.919 375.873 4316.03 3491.95 3424.73 3284.34 1504.6 1779.74 830.195 1018.5 949.545 563.941 385.604 252.343 155.977 486.103 290.65 20.5367 690.573 599.073 997.959 836.232 310.64
internal_count=32551 11439 1611 9828 21112 961 20283 496 829 18341 16575 16432 15441 5414 10027 3571 3420 6456 3860 2596 1551 1106 1994 1006 186 3337 3084 3234 2943 677
cat_boundaries=0 1 2 3 4 5 6 7 8 9
cat_threshold=1 2520 192 1586 528 1058 1622 9 8
is_linear=0
shrinkage=0.1


Tree=47
num_leaves=31
num_cat=11
split_feature=11 12 10 9 9 10 9 10 10 1 0 0 13 1 9 10 8 9 11 14 1 12 13 13 11 11 10 1 14 0
split_gain=13.071 23.6666 18.3847 17.905 18.4883 20.8045 33.2854 49.7936 38.1439 30.4119 26.8912 25.1231 24.5281 21.7273 23.23 21.0306 19.1018 17.973 26.7981 21.903 17.4992 23.5835 17.2157 17.0373 16.6477 25.3972 16.3919 22.1257 16.0867 27.3616
threshold=184.50000000000003 4.5000000000000009 0 29.500000000000004 26.500000000000004 1 14.500000000000002 2 3 4 34.500000000000007 55.500000000000007 397.50000000000006 5 2.5000000000000004 6 7 12.500000000000002 180.50000000000003 1.5000000000000002 8 1.5000000000000002 174.50000000000003 383.50000000000006 92.500000000000014 94.500000000000014 9 10 1.5000000000000002 37.500000000000007
decision_type=2 2 9 2 2 9 2 9 9 9 2 2 2 9 2 9 1 2 2 2 9 2 2 2 2 2 9 9 2 2
left_child=1 3 -3 4 5 6 8 -8 13 10 17 -9 -11 14 -1 -12 -10 -7 19 -19 21 -6 -16 26 -17 -26 -2 -28 29 -27
right_child=23 2 -4 -5 20 9 7 11 16 12 15 -13 -14 -15 22 24 -18 18 -20 -21 -22 -23 -24 -25 25 28 27 -29 -30 -31
leaf_value=-0.096158850846991994 0.00045552122709759601 0.012921658361670247 -0.087246514897572569 -0.06525081009785659 0.039604866206636669 0.0053471392694096516 0.017008291615003317 -0.098956697848607264 0.14446298009644379 -0.035568637384261477 -0.075512201241004842 0.030844489270415828 -0.32286874658500114 -0.074470471216689871 0.05253571013552736 -0.11614087432117684 0.044247218234658006 0.11301455822034071 0.50853543348061048 -0.12018111070762352 0.060683030995293388 -0.098921951473005559 -0.079124537280545193 0.057993257828779579 0.30659724687086154 0.15019493166048348 0.028150104490522146 0.002588030644348459 0.08654343430584889 -0.064493931838106741
leaf_weight=16.730424743145704 3074.5982424016111 29.837464220821857 49.407413692679256 44.094711903017014 30.903998941648751 34.321652297396213 157.18955658376217 85.100602915044874 20.959306603297591 326.25711611425504 30.80401017004624 18.079097429290414 2.9989244360476723 34.02841386757791 68.377324539236724 8.4175945427268726 205.5165041857399 36.272514099255204 1.566930042579769 4.530865234322845 78.683154263533652 20.403698729351163 11.619104625657199 60.46654437109828 3.2330846926197401 7.4245520709082475 587.52547160722315 801.926254613325 21.969133473932743 29.61731144040823
leaf_count=125 11544 610 2254 613 268 470 619 1906 105 3809 1279 195 22 309 229 397 1004 467 14 72 702 467 82 133 16 71 1779 2493 32 465
internal_value=0.00267036 -0.00585533 -0.0589101 -0.002619 -0.000418425 -0.00454418 0.00778625 -0.0192804 0.0277318 -0.0193248 0.0136793 -0.0694792 -0.0370599 -0.0157344 0.00997047 -0.0193296 0.0512584 0.0591347 0.102705 0.0871202 0.0352882 -0.012958 0.0334127 0.00526762 0.013884 0.0336985 0.00455344 0.0135208 0.018747 -0.0214624
internal_weight=5902.86 1378.34 79.2449 1299.1 1255 1125.01 617.6 260.369 357.231 507.414 178.158 103.18 329.256 130.755 96.7269 101.466 226.476 76.692 42.3703 40.8034 129.991 51.3077 79.9964 4524.52 70.6617 62.2441 4464.05 1389.45 59.011 37.0419
internal_count=32551 16602 2864 13738 13125 11688 4574 2720 1854 7114 3283 2101 3831 745 436 2260 1109 1023 553 539 1437 735 311 15949 981 584 15816 4272 568 536
cat_boundaries=0 1 2 3 4 5 6 7 8 9 10 11
cat_threshold=72 697 137 8 1155 825 1280 4 846 825 1187
is_linear=0
shrinkage=0.1


Tree=48
num_leaves=31
num_cat=9
split_feature=8 10 11 12 11 10 9 10 9 10 9 10 11 10 9 11 9 13 13 10 13 13 13 13 0 10 11 12 11 0
split_gain=11.6257 25.2677 32.3002 31.3014 22.257 21.7735 36.5703 46.1079 32.8117 71.7308 42.3655 67.5303 36.8303 29.9478 28.1163 34.6595 35.0122 27.2902 23.5587 31.8917 24.788 28.8016 23.3529 33.046 21.2965 20.8149 28.2918 23.6274 19.8506 19.2898
threshold=0 1 364.50000000000006 1.5000000000000002 148.50000000000003 2 11.500000000000002 3 16.500000000000004 4 19.500000000000004 5 375.50000000000006 6 20.500000000000004 199.50000000000003 29.500000000000004 230.50000000000003 79.500000000000014 7 150.50000000000003 300.50000000000006 185.50000000000003 36.500000000000007 43.500000000000007 8 114.50000000000001 6.5000000000000009 660.50000000000011 28.500000000000004
decision_type=1 9 2 2 2 9 2 9 2 9 2 9 2 9 2 2 2 2 2 9 2 2 2 2 2 9 2 2 2 2
left_child=5 2 -2 -3 -5 8 7 22 9 -1 11 -10 29 14 17 16 -16 24 -15 -20 -21 -22 23 -7 28 -8 -27 -28 -12 -13
right_child=1 3 -4 4 -6 6 25 -9 10 -11 13 12 -14 18 15 -17 -18 -19 19 20 21 -23 -24 -25 -26 26 27 -29 -30 -31
leaf_value=0.074501485391872638 -0.045449362883147243 0.046014702921551048 -0.003202404246064822 -0.13723232499727087 -0.0038864783784637556 -0.016638553552719117 0.066671529230013071 0.036659876668726006 0.016517045659699706 0.0023341727210369604 -0.052183674964482868 -0.34882311813076855 -0.036538299405476593 -0.023610844740757517 0.011556520766906365 0.051935531604394694 -0.13915203378485824 -0.15514663194738695 0.065070794399887708 0.071886856305344388 -0.14548999654193884 0.11338890526769239 -0.051091789907986684 0.044473247653885911 0.04959998825350985 -0.058880342226359884 0.028222218582406533 -0.16061530700461568 0.044101875983699336 -0.10550576322404187
leaf_weight=147.08134385943413 250.95187089941464 178.08171338681132 648.99437855370343 13.863009409280492 128.93879646342248 447.0941627137363 117.16007752344012 240.12764013744891 147.8859974029474 1139.8277471517213 86.691672875545919 3.357008170336484 143.47376765310764 549.89949696999975 79.847315477672964 261.78833346627653 19.102948039770126 13.002601543441413 66.214897478930652 12.06116311997175 23.769944292027507 5.2460629791021338 133.6163798077032 110.31772996392101 50.292618745937943 41.302922369446605 672.6709300018847 6.691717122681438 28.434768758714199 110.72874314989895
leaf_count=259 7955 650 1873 465 496 2018 190 511 829 4704 546 22 373 4292 485 550 79 124 137 24 246 7 916 323 215 780 2065 42 54 1321
internal_value=0.00238471 -0.00630157 -0.0148184 0.017501 -0.0168315 0.00466147 0.0133591 -0.000203901 -0.000708572 0.0111793 -0.0102639 -0.0382 -0.0676328 -0.000796282 0.0165125 0.0328788 -0.0175387 -0.015652 -0.0150191 0.0276158 -0.039086 -0.098685 -0.0133511 -0.00454388 -0.00468719 0.0285925 0.0211828 0.0263622 -0.0284024 -0.112665
internal_weight=5878.52 1220.83 899.946 320.884 142.802 4657.69 1768.98 931.156 2888.71 1286.91 1601.8 405.446 257.56 1196.35 539.16 360.739 98.9503 178.422 657.192 107.292 41.0772 29.016 691.028 557.412 165.419 837.826 720.666 679.363 115.126 114.086
internal_count=32551 11439 9828 1611 961 21112 6845 3768 14267 4963 9304 2545 1716 6759 2053 1114 564 939 4706 414 277 253 3257 2341 815 3077 2887 2107 600 1343
cat_boundaries=0 1 2 3 4 5 6 7 8 9
cat_threshold=1 2520 1587 2312 528 34 1537 34 8
is_linear=0
shrinkage=0.1


Tree=49
num_leaves=31
num_cat=5
split_feature=11 3 0 18 11 5 2 9 11 13 13 9 0 11 9 10 11 11 0 5 0 1 0 12 1 0 11 5 5 5
split_gain=10.5309 22.5463 20.3381 18.8889 19.4264 18.8865 17.6237 20.3237 21.6503 16.8031 25.8443 15.6359 21.9748 17.8863 13.4919 16.6798 20.8587 18.1315 16.4683 14.2539 12.919 18.4576 20.8987 12.8873 28.1515 49.7816 27.7868 24.4756 22.1298 33.8039
threshold=450.50000000000006 0 23.500000000000004 8.9722735180543012 430.50000000000006 2774.5000000000005 1 16.500000000000004 203.50000000000003 344.50000000000006 345.50000000000006 3.5000000000000004 37.500000000000007 705.50000000000011 29.500000000000004 2 460.50000000000006 465.50000000000006 42.500000000000007 255.50000000000003 37.500000000000007 3 57.500000000000007 4.5000000000000009 4 45.500000000000007 135.50000000000003 36.500000000000007 753.50000000000011 802.50000000000011
decision_type=2 1 2 2 2 2 1 2 2 2 2 2 2 2 2 9 2 2 2 2 2 9 2 2 9 2 2 2 2 2
left_child=1 2 -1 4 9 6 7 -4 -9 -3 -11 12 13 -2 15 16 18 -17 -13 -16 -19 -22 -23 -5 25 26 -25 -28 -29 -30
right_child=11 3 5 23 -6 -7 -8 8 -10 10 -12 14 -14 -15 19 17 -18 20 -20 -21 21 22 -24 24 -26 -27 27 28 29 -31
leaf_value=0.1149335949446247 -0.13497573029672735 -0.094055856439800453 -0.064513479214810765 0.004085685591920702 0.12464472500552176 0.01336666739545537 -0.055718901318963926 0.13606990664627447 -0.062264145316420563 0.51494020039270816 -0.08301890953028615 0.017360846132486379 0.0092460661471735015 -0.0062588930111935935 0.081978546412567424 -0.06035416053132811 -0.0011522337646318504 0.04461695218431222 0.13153340117248066 0.012649174580035061 0.032274374304198265 -0.0035279026263714073 -0.14390189651655702 -0.089885769889731432 -0.051087006006064632 -0.14908273476566797 0.20787997485755094 -0.033852422836992281 0.35322694918834563 0.060149876006575655
leaf_weight=9.9363310970365983 26.662007607519627 44.107840925222263 18.932419491466135 3087.0228881342337 5.236822396516799 76.086749409325421 207.29415800049901 17.175043035298589 8.0993883088231069 1.18057253351435 1.8641084444243459 31.534626856446266 61.4116550385952 18.141220383346081 51.531324096024036 25.603480838239193 1272.6514141447842 219.60398244857788 21.077808067202568 69.854759491980076 198.72249832376838 130.94524170458317 11.540570840239523 11.656475575640796 119.43712860136293 14.425563646946101 11.840721949003635 20.276380254887044 4.4974895790219298 31.496789341792464
leaf_count=30 90 1274 225 19214 11 506 3285 112 53 6 43 74 134 43 76 75 2839 412 34 159 392 298 42 606 1759 370 74 175 4 136
internal_value=0.00221635 -0.00101953 -0.025264 0.00149187 -0.0580784 -0.0302877 -0.0434944 0.0138284 0.0725122 -0.0783719 0.148839 0.00779871 -0.0296046 -0.0828572 0.0097528 0.00770004 0.00138812 0.021573 0.0631011 0.0420812 0.025698 0.0135217 -0.0139205 0.00244191 -0.0213111 0.0197695 0.0527839 0.0772001 0.0497019 0.0967699
internal_weight=5829.85 3690.57 337.524 3353.04 52.3893 327.588 251.501 44.2069 25.2744 47.1525 3.04468 2139.28 106.215 44.8032 2033.07 1911.68 1325.26 586.416 52.6124 121.386 560.812 341.208 142.486 3300.65 213.631 94.1934 79.7679 68.1114 56.2707 35.9943
internal_count=32551 27883 4211 23672 1334 4181 3675 390 165 1323 49 4668 267 133 4401 4166 2947 1219 108 235 1144 732 340 22338 3124 1365 995 389 315 140
cat_boundaries=0 1 2 3 4 5
cat_threshold=1 1 817 547 782
is_linear=0
shrinkage=0.1


Tree=50
num_leaves=31
num_cat=9
split_feature=11 12 10 12 13 14 0 10 9 5 11 22 8 0 11 10 5 9 2 0 2 5 5 6 11 1 11 9 13 11
split_gain=9.64027 16.4517 17.4292 15.9068 13.8942 12.2552 12.9094 14.6825 15.1082 20.779 28.9795 22.1912 16.7455 20.5826 18.5986 21.2198 16.1154 15.0986 19.3386 17.3299 17.1288 16.9158 19.1311 14.9795 25.7788 15.2012 29.4087 19.5333 25.488 22.1546
threshold=184.50000000000003 4.5000000000000009 0 5.5000000000000009 383.50000000000006 4.5000000000000009 58.500000000000007 1 29.500000000000004 504.50000000000006 223.50000000000003 2 3 56.500000000000007 590.50000000000011 4 1219.5000000000002 5.5000000000000009 5 34.500000000000007 6 4896.5000000000009 4429.0000000000009 7 195.50000000000003 8 500.50000000000006 18.500000000000004 319.50000000000006 219.50000000000003
decision_type=2 2 9 2 2 2 2 9 2 2 2 1 1 2 2 9 2 2 1 2 1 2 2 1 2 9 2 2 2 2
left_child=1 -1 3 -3 5 6 7 -2 12 -10 -11 -12 13 17 23 -16 -13 20 19 -19 -9 22 -20 25 -25 27 -27 28 29 -14
right_child=4 2 -4 -5 -6 -7 -8 8 9 10 11 16 14 -15 15 -17 -18 18 21 -21 -22 -23 -24 24 -26 26 -28 -29 -30 -31
leaf_value=-0.0027684520659220519 0.015335978882598012 -0.099306159938064187 -0.080934820703703766 0.067527288611497926 0.053398667869467453 0.027524867140261224 0.020103736137309786 -0.039350170644463757 0.06011227758592598 -0.25125903619970591 0.041735689956608375 -0.15680459337927996 -0.11768594905581575 -0.2263808277877277 -0.010681799620336496 0.024281207768040623 -0.013439166772959997 -0.12819791495632862 -0.023814228248829835 0.064359852943957616 -0.22704247670272937 -0.14404510615232169 0.18271786286495878 0.065819904355264067 -0.001957676075000323 -0.016060630454775841 -0.080386867727611611 -0.056006680255346601 -0.076885615463159571 0.036674451978426052
leaf_weight=1270.212181085255 571.62277930509299 7.8444963661022511 44.667381730396301 21.052750319708139 56.738908980041742 204.1328203920275 376.54170200508088 14.776340844575316 90.407294403761625 4.6215138593688598 54.959349761717021 12.264421429485081 9.7900797091424447 4.940156470052897 259.86981667950749 496.47850738093257 21.737539149820805 5.2495711883530012 275.44520301185548 42.617499737069011 7.2467849571257839 11.52987460978329 4.5592637462541452 59.318116011098027 1039.7366149537265 506.64800024591386 82.668803844600916 44.609006938524544 25.78300067782402 185.00051753409207
leaf_count=13738 2000 157 2254 453 133 550 950 115 270 41 155 63 155 70 598 1032 74 54 2238 228 80 113 18 213 3098 2350 222 286 186 657
internal_value=0.00199548 -0.00543125 -0.0514088 0.0165212 0.00422847 0.00359621 0.00243553 0.000699358 -0.00190808 0.0259213 -0.00710949 0.00557401 -0.00357874 -0.0236446 -0.000865942 0.0124483 -0.0503444 -0.0208735 -0.015667 0.0432421 -0.101111 -0.0253393 -0.0204513 -0.00602074 0.00170041 -0.0159517 -0.0246657 0.00418592 0.0165491 0.0289164
internal_weight=5813.07 1343.78 73.5646 28.8972 4469.29 4412.55 4208.42 3831.88 3260.26 183.99 93.5828 88.9613 3076.27 366.365 2709.9 756.348 34.002 361.425 339.401 47.8671 22.0231 291.534 280.004 1953.55 1099.05 854.499 589.317 265.183 220.574 194.791
internal_count=32551 16602 2864 610 15949 15816 15266 14316 12316 603 333 292 11713 2916 8797 1630 137 2846 2651 282 195 2369 2256 7167 3311 3856 2572 1284 998 812
cat_boundaries=0 1 2 3 4 5 6 7 8 9
cat_threshold=72 3264 2 4 537 1 2 2 1346
is_linear=0
shrinkage=0.1


Tree=51
num_leaves=31
num_cat=11
split_feature=8 10 11 12 11 11 10 9 10 0 9 10 9 10 11 10 1 0 3 11 10 9 9 9 2 0 5 13 0 5
split_gain=9.05316 21.5051 25.6558 25.2773 19.4678 18.4706 18.4637 29.2399 37.3684 27.8995 21.9348 59.3987 32.3715 51.3121 34.393 26.6419 21.5352 21.7089 22.7597 20.7521 23.6465 31.8743 23.0711 20.2053 19.7164 27.6516 19.2817 17.8673 16.7145 16.5852
threshold=0 1 364.50000000000006 1.5000000000000002 148.50000000000003 62.500000000000007 2 11.500000000000002 3 24.500000000000004 16.500000000000004 4 19.500000000000004 5 375.50000000000006 6 7 32.500000000000007 8 265.50000000000006 9 24.500000000000004 20.500000000000004 24.500000000000004 10 57.500000000000007 1235.5000000000002 36.500000000000007 41.500000000000007 10763.000000000002
decision_type=1 9 2 2 2 2 9 2 9 2 2 9 2 9 2 9 9 2 1 2 9 2 2 2 1 2 2 2 2 2
left_child=5 2 -2 -3 -5 -1 9 8 24 -7 11 -11 13 14 -12 19 -17 -18 -19 20 23 -22 -21 -14 25 -8 -25 -9 -29 -26
right_child=1 3 -4 4 -6 6 7 27 -10 10 12 -13 15 -15 -16 16 17 18 -20 22 21 -23 -24 26 29 -27 -28 28 -30 -31
leaf_value=-0.071159650166359473 -0.041630523296023285 0.042180103533500816 -0.0035224897824073387 -0.13397245107797304 -0.0031722038034689422 0.06259923237093537 -0.09455104243982404 0.038153723183791351 0.033981624897253905 0.067660555713950174 -0.1078388323351499 -0.0003067881773739667 0.042126952341978621 0.01300318846119327 -0.032149483627355126 -0.048190421437616204 -0.041611491186972042 0.044555194645516077 -0.0088330986829171058 -0.0044305148398981814 -0.12181218376930057 0.12722970203806472 0.052933222441571573 0.010245100808918904 -0.0045942715713734438 0.072385867394267361 -0.095325885894671863 -0.010921814101279251 0.036007119630188628 -0.17261501130608992
leaf_weight=32.608102265978232 243.27966464171186 174.62271735537797 645.19633342325687 12.488979797344653 128.01464763004333 68.107776273041964 53.79497848963365 497.34315878339112 232.83334886282682 135.93323462828994 103.24071673722938 1089.8696238682605 88.969880254939198 146.03128609061241 143.45126178115606 142.82641162304208 121.16998283891007 103.51424026349559 263.22289046365768 109.93146451562643 34.867072151042521 6.027640711516141 193.5629952326417 47.182440616190434 606.9648316858802 12.166449345648287 27.316564489156008 190.58849372295663 126.11629816843197 5.9322272129356852
leaf_count=1965 7955 650 1873 465 496 132 352 1510 497 246 1188 4437 301 776 367 1010 751 491 1853 327 541 14 396 110 2506 21 87 793 415 26
internal_value=0.00180763 -0.00591077 -0.0138018 0.0162593 -0.0147987 0.00383441 0.00437175 0.0124838 0.000256256 -0.000625337 -0.00218941 0.0077798 -0.0101697 -0.0349262 -0.0613391 -0.00163063 -0.0152366 -0.0048158 0.00721019 0.0152667 -0.00906666 -0.0683831 0.032155 0.00938176 -0.0116399 -0.0637599 -0.0284646 0.0263314 0.00776595 -0.00622054
internal_weight=5787.18 1203.6 888.476 315.126 140.504 4583.57 4550.97 1725.74 911.692 2825.23 2757.12 1225.8 1531.31 392.723 246.692 1138.59 630.734 487.907 366.737 507.858 204.364 40.8947 303.494 163.469 678.858 65.9614 74.499 814.048 316.705 612.897
internal_count=32551 11439 9828 1611 961 21112 19147 6120 3402 13027 12895 4683 8212 2331 1555 5881 4105 3095 2344 1776 1053 555 723 498 2905 373 197 2718 1208 2532
cat_boundaries=0 1 2 3 4 5 6 7 8 9 10 11
cat_threshold=1 2520 1587 2312 528 1537 1537 16 12 1025 1
is_linear=0
shrinkage=0.1


Tree=52
num_leaves=31
num_cat=10
split_feature=11 3 10 12 1 5 5 10 9 5 11 0 1 5 13 1 0 9 11 0 2 5 11 11 8 10 5 5 0 10
split_gain=9.17846 10.7085 16.7942 16.3044 19.1777 33.5634 19.5921 17.2475 35.6291 20.6393 17.0968 16.4303 15.109 36.3183 14.9891 14.7709 29.3118 41.5173 26.4544 20.6589 22.6447 17.4771 17.2705 14.5388 27.5787 21.0465 16.9031 15.5356 17.927 14.631
threshold=935.50000000000011 0 1 1.5000000000000002 2 88.500000000000014 157.50000000000003 3 10.500000000000002 632.50000000000011 153.50000000000003 59.500000000000007 4 1.5000000000000002 91.500000000000014 5 34.500000000000007 14.500000000000002 757.50000000000011 48.500000000000007 6 -726.49999999999989 481.50000000000006 108.50000000000001 7 8 179.50000000000003 184.50000000000003 33.500000000000007 9
decision_type=2 1 9 2 9 2 2 9 2 2 2 2 9 2 2 9 2 2 2 2 1 2 2 2 1 9 2 2 2 9
left_child=1 2 -1 12 -5 15 10 8 14 -10 -7 -9 13 -3 -8 16 17 -6 21 20 -18 -17 -21 24 -14 26 -26 -28 -29 -25
right_child=-2 3 -4 4 5 6 7 11 9 -11 -12 -13 23 -15 -16 18 19 -19 -20 22 -22 -23 -24 29 25 -27 27 28 -30 -31
leaf_value=0.022254261533404377 0.016619778188108943 -0.26349991351385166 0.00098862501622883222 0.0084678508043043495 -0.12506123998953075 -0.12519088868348677 0.066014432436645981 -0.0099239676444870546 -0.14053014194747429 -0.04502841559941146 0.050179179022542243 0.035163876042617927 -0.068933680397274363 -0.01795434062227512 -0.068481586235802638 0.082263242193019545 -0.17929545549681922 0.10501906973281097 -0.26319950517741875 -0.11873558709925031 -0.013415118863144129 -0.070459997526468476 0.080197361646692111 0.033256057846087178 -0.060306520595235447 -0.055985975408228077 0.4938813144944228 0.27409287301525248 0.060703122399995368 0.005315877401193215
leaf_weight=494.68990546045825 382.74245189130306 6.3787992084398857 1423.4670232988428 454.2856781296432 10.377903142711146 5.9741878495551637 37.775926111266017 728.92322970670648 27.359816114418209 130.88333556847647 80.009153114166111 90.900353421457112 64.098188519477844 108.19757179776207 10.614557029679416 7.9303446377161881 19.698291420238093 32.105636565713212 6.8488128408789626 6.3631118214689222 14.134840362472458 135.88429550570436 13.891239441931246 215.09468367323279 4.8233414059504893 11.31149381957948 1.2216759473085428 5.6628966038115349 12.917257403722031 1202.878178505227
leaf_count=1344 910 105 7895 3090 184 277 85 5678 254 659 351 260 1025 590 44 54 419 233 31 208 144 1630 21 489 223 366 3 75 224 5680
internal_value=0.00165856 0.000591153 0.00655998 -0.00274184 -0.00927486 -0.0151538 -0.00785841 -0.0116994 -0.0367971 -0.0615404 0.0379943 -0.00486537 0.00450019 -0.029086 0.0365124 -0.0485924 -0.0120961 0.0488149 -0.0667522 -0.0621756 -0.109994 -0.0620384 0.0177005 0.00717952 -0.0296188 0.0405051 0.0764981 0.148453 0.12574 0.00982619
internal_weight=5747.44 5364.7 1918.16 3446.54 1813.96 1359.68 1112.44 1026.46 206.634 158.243 85.9833 819.824 1632.58 114.576 48.3905 247.234 96.571 42.4835 150.663 54.0875 33.8331 143.815 20.2544 1518.01 100.035 35.9367 24.6252 19.8018 18.5802 1417.97
internal_count=32551 31641 9239 22402 13622 10532 7608 6980 1042 913 628 5938 8780 695 129 2924 1209 417 1715 792 563 1684 229 8085 1916 891 525 302 299 6169
cat_boundaries=0 1 2 3 4 5 6 7 8 9 10
cat_threshold=4 137 1420 1665 24 2 2 1 3488 1154
is_linear=0
shrinkage=0.1


end of trees

feature_importances:
month=284
duration=273
day=218
age=130
pdays=120
balance=105
contact=85
job=79
campaign=64
poutcome=54
housing=46
education=32
marital=30
balance_log_shifted=23
loan=21
previous=18
season=8

parameters:
[boosting: gbdt]
[objective: binary]
[metric: auc,binary_logloss]
[tree_learner: serial]
[device_type: cpu]
[data_sample_strategy: bagging]
[data: ]
[valid: ]
[num_iterations: 100]
[learning_rate: 0.1]
[num_leaves: 31]
[num_threads: 8]
[seed: 0]
[deterministic: 0]
[force_col_wise: 0]
[force_row_wise: 0]
[histogram_pool_size: -1]
[max_depth: -1]
[min_data_in_leaf: 20]
[min_sum_hessian_in_leaf: 0.001]
[bagging_fraction: 1]
[pos_bagging_fraction: 1]
[neg_bagging_fraction: 1]
[bagging_freq: 0]
[bagging_seed: 3]
[bagging_by_query: 0]
[feature_fraction: 1]
[feature_fraction_bynode: 1]
[feature_fraction_seed: 2]
[extra_trees: 0]
[extra_seed: 6]
[early_stopping_round: 0]
[early_stopping_min_delta: 0]
[first_metric_only: 0]
[max_delta_step: 0]
[lambda_l1: 0]
[lambda_l2: 0]
[linear_lambda: 0]
[min_gain_to_split: 0]
[drop_rate: 0.1]
[max_drop: 50]
[skip_drop: 0.5]
[xgboost_dart_mode: 0]
[uniform_drop: 0]
[drop_seed: 4]
[top_rate: 0.2]
[other_rate: 0.1]
[min_data_per_group: 100]
[max_cat_threshold: 32]
[cat_l2: 10]
[cat_smooth: 10]
[max_cat_to_onehot: 4]
[top_k: 20]
[monotone_constraints: ]
[monotone_constraints_method: basic]
[monotone_penalty: 0]
[feature_contri: ]
[forcedsplits_filename: ]
[refit_decay_rate: 0.9]
[cegb_tradeoff: 1]
[cegb_penalty_split: 0]
[cegb_penalty_feature_lazy: ]
[cegb_penalty_feature_coupled: ]
[path_smooth: 0]
[interaction_constraints: ]
[verbosity: -1]
[saved_feature_importance_type: 0]
[use_quantized_grad: 0]
[num_grad_quant_bins: 4]
[quant_train_renew_leaf: 0]
[stochastic_rounding: 1]
[linear_tree: 0]
[max_bin: 255]
[max_bin_by_feature: ]
[min_data_in_bin: 3]
[bin_construct_sample_cnt: 200000]
[data_random_seed: 1]
[is_enable_sparse: 1]
[enable_bundle: 1]
[use_missing: 1]
[zero_as_missing: 0]
[feature_pre_filter: 1]
[pre_partition: 0]
[two_round: 0]
[header: 0]
[label_column: ]
[weight_column: ]
[group_column: ]
[ignore_column: ]
[categorical_feature: 1,2,3,4,6,7,8,10,15,22]
[forcedbins_filename: ]
[precise_float_parser: 0]
[parser_config_file: ]
[objective_seed: 5]
[num_class: 1]
[is_unbalance: 1]
[scale_pos_weight: 1]
[sigmoid: 1]
[boost_from_average: 1]
[reg_sqrt: 0]
[alpha: 0.9]
[fair_c: 1]
[poisson_max_delta_step: 0.7]
[tweedie_variance_power: 1.5]
[lambdarank_truncation_level: 30]
[lambdarank_norm: 1]
[label_gain: ]
[lambdarank_position_bias_regularization: 0]
[eval_at: ]
[multi_error_top_k: 1]
[auc_mu_weights: ]
[num_machines: 1]
[local_listen_port: 12400]
[time_out: 120]
[machine_list_filename: ]
[machines: ]
[gpu_platform_id: -1]
[gpu_device_id: -1]
[gpu_use_dp: 0]
[num_gpu: 1]

end of parameters

pandas_categorical:[["admin.", "blue-collar", "entrepreneur", "housemaid", "management", "retired", "self-employed", "services", "student", "technician", "unemployed", "unknown"], ["divorced", "married", "single"], ["primary", "secondary", "tertiary", "unknown"], ["no", "yes"], ["no", "yes"], ["no", "yes"], ["cellular", "telephone", "unknown"], ["apr", "aug", "dec", "feb", "jan", "jul", "jun", "mar", "may", "nov", "oct", "sep"], ["failure", "other", "success", "unknown"], ["Autumn", "Spring", "Summer", "Winter"]]
